"ID","size","tissue","shell","clump.size","type","layer","fouling","body"
"L18",6.6,0.0303701697974613,0.162133836114237,92,"Clump",NA,NA,0.187315433504348
"N9",6.73,0.0141690815525622,0.0990567448324213,282,"Clump",NA,NA,0.143040048171709
"N7",6.79,0.0137295437755144,0.105275402365428,282,"Clump",NA,NA,0.130415495614607
"N34",6.87,0.0131702972259227,0.135610404323268,282,"Clump",NA,NA,0.09711863401371
"H118",7.08,0.0118350274571093,0.139622995741423,310,"Clump",NA,NA,0.0847641707890828
"H36",7.21,0.0110946684905079,0.12498995569094,310,"Clump",NA,NA,0.0887644805470727
"H43",7.27,0.0107729855948284,0.136328388399982,310,"Clump","Bottom",NA,0.0790223204518559
"N11",7.42,0.0100195038027605,0.11486182900696,282,"Clump",NA,NA,0.0872309268395279
"H45",7.46,0.00983006543794871,0.106408012259345,310,"Clump","Bottom",NA,0.0923808764887951
"H34",7.51,0.00959967293372222,0.104336290765914,310,"Clump",NA,NA,0.0920070367007756
"L5",7.54,0.0189295074669751,0.135343869500974,92,"Clump",NA,NA,0.139862319119219
"N85",7.59,0.00924524169613115,0.132736374579033,282,"Clump","Bottom","Fouled_by_QM",0.0696511542179151
"N36",7.68,0.0265988998145546,0.109894238177259,282,"Clump",NA,NA,0.242040895462149
"N10",7.92,0.0158973812866055,0.128261299978727,282,"Clump",NA,NA,0.123945268676071
"K63",8.14,0.00721189032334061,0.159479951288666,116,"Clump",NA,NA,0.0452212975052065
"L32",8.22,0.0139315449711858,0.0949721878819129,92,"Clump",NA,NA,0.146690786870237
"K89",8.26,0.0205402428274334,0.167539236709043,116,"Clump",NA,"Fouling_QM",0.12259959655364
"K65",8.34,0.0264656464921116,0.215540714921861,116,"Clump",NA,"Fouling_QM",0.122787226077941
"K8",8.37,0.00653259996589919,0.165880368433753,116,"Clump",NA,"Fouled_by_QM",0.0393813929133398
"K10",8.39,0.0129549608734539,0.15530667136469,116,"Clump",NA,"Fouled_by_QM",0.083415353375472
"M39",8.41,0.00642295556516686,0.158895492529731,99,"Clump",NA,"Fouled_by_QM",0.0404225158493093
"N157",8.48,0.00623668981529882,0.155065789227929,282,"Clump","Bottom",NA,0.0402196373961737
"H42",8.65,0.00581231533559497,0.133360271667531,310,"Clump","Bottom",NA,0.0435835595032767
"L81",8.93,0.0103814672374306,0.168426784986401,92,"Clump",NA,"Fouling_QM",0.0616378638247405
"M3",9,0.0151464396704393,0.118665206428852,99,"Clump",NA,NA,0.12764010720801
"H147",9.05,0.00990095064341963,0.180767800254059,310,"Clump","Top",NA,0.0547716497601033
"H123",9.07,0.00491182794341677,0.142181022775904,310,"Clump","Top",NA,0.0345462977232795
"M7",9.14,0.00955914008323571,0.138999778153971,99,"Clump",NA,"Fouled_by_QM",0.0687709017250874
"L77",9.14,0.0143387101248536,0.124368222558816,92,"Clump",NA,"Fouling_QM",0.115292394068529
"H31",9.17,0.00472428595011954,0.0978150085042624,310,"Clump",NA,NA,0.0482981704174128
"H220",9.18,0.00941208037043818,0.158891693865928,310,"Clump","Bottom","Fouled_by_QM",0.0592358237327374
"H129",9.27,0.00909164730614291,0.108777518159615,310,"Clump","Top",NA,0.0835802053582638
"M4",9.35,0.0132277003144734,0.123167404385458,99,"Clump",NA,NA,0.107396111661789
"H40",9.57,0.0162391511888021,0.162942666286745,310,"Clump","Bottom",NA,0.0996617494906127
"M13",9.67,0.0156507485187694,0.123947234393098,99,"Clump",NA,NA,0.126269445182885
"K62",9.73,0.00765539423127736,0.16735267683045,116,"Clump",NA,"Fouling_QM",0.0457440799649311
"K39",9.75,0.0303991493770468,0.241955315192508,116,"Clump",NA,NA,0.125639518821317
"N19",9.77,0.0113170456227344,0.102212657942371,282,"Clump",NA,NA,0.110720588335694
"L1",9.79,0.0149802352025968,0.143434275361967,92,"Clump",NA,NA,0.104439717527719
"N125",9.92,0.0107211154958066,0.175339285595812,282,"Clump","Bottom",NA,0.0611449707883532
"L55",9.92,0.0107211154958066,0.158092798488027,92,"Clump",NA,NA,0.0678153312379918
"N196",9.95,0.0176779848162865,0.148146988103694,282,"Clump","Top",NA,0.119327331878749
"K101",10.07,0.016941357928322,0.148511160973157,116,"Clump",NA,NA,0.114074644742587
"N159",10.22,0.00642998355756214,0.142186605852527,282,"Clump","Bottom",NA,0.045222146762763
"N102",10.22,0.0128599671151243,0.194848311723834,282,"Clump","Top","Fouled_by_QM",0.0659998898699785
"K54",10.23,0.0192230876513145,0.147028933991729,116,"Clump",NA,NA,0.130743569509902
"M64",10.25,0.0159085418776086,0.187953599744836,99,"Clump",NA,"Fouling_ZM",0.0846407937874338
"K103",10.36,0.0245070646932648,0.17455096923171,116,"Clump",NA,NA,0.14040062224308
"K81",10.42,0.0150060763077596,0.161660811147918,116,"Clump",NA,NA,0.0928244526376229
"N173",10.55,0.0172318001471176,0.165459379685974,282,"Clump","Top",NA,0.10414519974523
"K83",10.55,0.0229757335294901,0.153469569563802,116,"Clump",NA,NA,0.149708724633768
"K23",10.58,0.0170589509768805,0.168838274577248,116,"Clump",NA,"Fouled_by_QM",0.101037226420338
"L2",10.62,0.0196372474566693,0.129345571559187,92,"Clump",NA,NA,0.151820021512553
"L43",10.64,0.0139332215018536,0.170728766581628,92,"Clump",NA,"Fouled_by_QM",0.0816102744770424
"L14",10.65,0.0166641940298728,0.104953163874793,92,"Clump",NA,"Fouled_by_QM",0.158777433806119
"M51",10.66,0.0193768862179234,0.169787685130848,99,"Clump",NA,NA,0.114124214621281
"M36",10.68,0.0109990652896936,0.161914353880647,99,"Clump",NA,NA,0.0679313786954392
"K45",10.79,0.0291667948534162,0.224434131946575,116,"Clump",NA,"Fouling_QM",0.129957037285038
"K18",10.8,0.0237853849531985,0.214870108274383,116,"Clump",NA,NA,0.110696574522247
"K20",10.81,0.0210732072056292,0.194196314128193,116,"Clump",NA,NA,0.108514970020071
"M17",10.96,0.0200669908119727,0.171473206205443,99,"Clump",NA,"Fouling_QM",0.117026976144194
"K49",11.04,0.0244443445380184,0.180429752033123,116,"Clump",NA,NA,0.135478457751973
"M74",11.06,0.0170014383980052,0.327639107631459,99,"Clump",NA,"Fouling_QM",0.0518907480883786
"K56",11.15,0.0235988746752088,0.156901477010497,116,"Clump",NA,"Fouling_QM",0.150405688492212
"H152",11.21,0.0023153482283113,0.144413781133556,310,"Clump","Top",NA,0.016032737389308
"H179",11.22,0.0138481804248399,0.154037718689232,310,"Clump","Bottom","Fouling_QM",0.0899012303134554
"K61",11.25,0.0182900218423003,0.204437373820242,116,"Clump",NA,NA,0.0894651574735172
"H142",11.31,0.0112174108264943,0.128963751346115,310,"Clump","Top",NA,0.0869811145334072
"N123",11.39,0.00875214591020621,0.143540708710597,282,"Clump","Bottom",NA,0.0609732666699597
"K87",11.39,0.0284444742081702,0.243062266749943,116,"Clump",NA,"Fouled_by_QM",0.117025462604745
"M35",11.43,0.0216097189313857,0.185634482762742,99,"Clump",NA,NA,0.116410047367142
"H174",11.48,0.00851096588226632,0.130903440450553,310,"Clump","Bottom",NA,0.0650171290607232
"K64",11.48,0.0382993464701985,0.317908355379915,116,"Clump",NA,NA,0.120472915612516
"K76",11.51,0.0189730550870802,0.170728005857075,116,"Clump",NA,"Fouling_QM",0.111130303384223
"K66",11.55,0.024987731025823,0.198383747052123,116,"Clump",NA,NA,0.125956543301189
"L28",11.57,0.018626035995628,0.151687180267888,92,"Clump",NA,"Fouling_QM",0.122792420313525
"N3",11.59,0.0123414485851521,0.129098562554438,282,"Clump",NA,NA,0.0955971030269832
"K46",11.6,0.0184555758177328,0.1487217457059,116,"Clump",NA,"Fouling_QM",0.124094669075691
"K11",11.61,0.0183992003374146,0.151963197284371,116,"Clump",NA,NA,0.121076686106992
"N58",11.63,0.0081276043968237,0.116996363962959,282,"Clump",NA,NA,0.069468863146866
"H114",11.65,0.0181758931573814,0.189831607592181,310,"Clump","Bottom",NA,0.0957474542196845
"H113",11.72,0.00790817606653204,0.131967287214809,310,"Clump","Bottom",NA,0.0599252756757784
"K59",11.72,0.00790817606653204,0.128448159555747,116,"Clump",NA,NA,0.0615670640504573
"K6",11.74,0.0176860098108129,0.155817250387499,116,"Clump",NA,"Fouled_by_QM",0.11350482547234
"N33",11.76,0.0156261801791495,0.188136689955945,282,"Clump",NA,NA,0.0830575906422538
"K37",11.85,0.0285166672953635,0.172038501330562,116,"Clump",NA,NA,0.165757473326103
"M62",11.87,0.0226771559280772,0.169491791715529,99,"Clump",NA,"Fouled_by_QM",0.133795009767423
"N190",11.88,0.00942060733848415,0.148783544702994,282,"Clump","Top",NA,0.063317535264332
"M59",11.95,0.0129166035397667,0.161188535039902,99,"Clump",NA,NA,0.080133512824403
"K99",11.96,0.0220770876682303,0.232071180517545,116,"Clump",NA,NA,0.0951306733520118
"K90",11.97,0.0256802883801644,0.211658054985697,116,"Clump",NA,"Fouling_QM",0.121329133360409
"H158",12.03,0.00720812543203269,0.161312730224076,310,"Clump","Top",NA,0.0446841698235474
"K72",12.05,0.00895717484865941,0.141068263456612,116,"Clump",NA,"Fouling_QM",0.063495322258747
"L51",12.1,0.0211834945303163,0.168192373152239,92,"Clump",NA,"Fouled_by_QM",0.125948009016688
"K14",12.13,0.0244977519580619,0.1987749532201,116,"Clump",NA,NA,0.12324365601
"N31",12.16,0.00520368167998328,0.137345162024583,282,"Clump",NA,NA,0.0378876227111072
"H219",12.16,0.00520368167998328,0.124715721838414,310,"Clump","Bottom",NA,0.041724343998308
"N119",12.16,0.012141923919961,0.179969522652901,282,"Clump","Bottom",NA,0.0674665562311822
"M58",12.2,0.0137156292894559,0.159476368161703,99,"Clump",NA,NA,0.0860041487497934
"K50",12.29,0.0200435237483758,0.15912346423056,116,"Clump",NA,NA,0.125962087648707
"M61",12.34,0.0197566731111631,0.161768794479608,99,"Clump",NA,NA,0.122129074242767
"M18",12.36,0.00818475280987347,0.139934190527212,99,"Clump",NA,NA,0.0584900143348588
"K5",12.39,0.019475062849744,0.19272220399266,116,"Clump",NA,"Fouling_QM",0.101052512093966
"N200",12.55,0.0124051932685629,0.178386601277955,282,"Clump","Top","Fouling_QM",0.0695410595845911
"M44",12.58,0.0199882826221619,0.169994753577352,99,"Clump",NA,"Fouling_QM",0.117581761798706
"M68",12.59,0.0183987444093736,0.186699923500341,99,"Clump",NA,"Fouling_QM",0.0985471448751825
"L49",12.61,0.0182953501320886,0.163132945446626,92,"Clump",NA,NA,0.112149940540824
"M40",12.66,0.0270601546537496,0.164048108481793,99,"Clump",NA,"Fouling_QM",0.164952555102169
"N4",12.67,0.0179896024266116,0.183251426676815,282,"Clump",NA,NA,0.0981689624623678
"K57",12.68,0.0164443425627258,0.157705199415623,116,"Clump",NA,NA,0.10427267219889
"K69",12.69,0.0238521912249444,0.168478789461087,116,"Clump",NA,NA,0.141573852122516
"L53",12.73,0.0235871636945083,0.18485949632149,92,"Clump",NA,NA,0.127595087966094
"L62",12.76,0.0116954328602433,0.120562086073686,92,"Clump",NA,NA,0.0970075522174955
"H173",12.78,0.00581529064195984,0.11455271105967,310,"Clump","Bottom","Fouled_by_QM",0.0507651943648078
"K13",12.79,0.0231966566195579,0.164631006267141,116,"Clump",NA,"Fouled_by_QM",0.140900897987087
"H121",12.81,0.00720885343610386,0.120536607821807,310,"Clump","Top",NA,0.0598063407156849
"H175",12.82,0.0100644728369615,0.0986402889802419,310,"Clump","Bottom","Fouling_QM",0.102032069664531
"K68",12.82,0.0158156001723681,0.139177394040615,116,"Clump",NA,"Fouling_QM",0.1136362717623
"H26",12.85,0.0142589982806452,0.152984890652659,310,"Clump",NA,NA,0.0932052715782191
"K60",12.87,0.0070902417317912,0.149614514164062,116,"Clump",NA,"Fouled_by_QM",0.0473900662071883
"K7",12.88,0.0212121507274889,0.157269634306243,116,"Clump",NA,NA,0.13487759936024
"M79",12.96,0.0138339450326643,0.146577009447515,99,"Clump",NA,"Fouling_QM",0.0943800469446597
"H41",12.97,0.012416502382388,0.172359737072141,310,"Clump","Bottom",NA,0.0720382996244135
"K19",12.99,0.0219533569992904,0.166380434903852,116,"Clump",NA,NA,0.131946746094135
"L72",13.02,0.0149698268735402,0.189784565379493,92,"Clump",NA,"Fouled_by_QM",0.0788779996076425
"H200",13.03,0.0122146999036635,0.132678141365344,310,"Clump","Bottom",NA,0.0920626395423265
"N82",13.05,0.00404945585455525,0.123104192513252,282,"Clump","Bottom",NA,0.0328945405666776
"H47",13.06,0.0121153745040327,0.159930935799371,310,"Clump","Bottom","Fouling_QM",0.0757537898685917
"N92",13.09,0.017358007198815,0.14995865233656,282,"Clump",NA,NA,0.115751955144659
"H221",13.1,0.0213058576976282,0.182589525144376,310,"Clump","Bottom",NA,0.116687184989289
"H157",13.15,0.0197059050613793,0.215661286805576,310,"Clump","Top",NA,0.0913743275544149
"N39",13.23,0.0180003603809242,0.172432358166716,282,"Clump","Bottom","Fouling_QM",0.104390849677533
"M21",13.23,0.0141431402992976,0.110849373107174,99,"Clump",NA,NA,0.127588816272541
"K16",13.25,0.00767317777314549,0.112810008296848,116,"Clump",NA,NA,0.0680185906285396
"H177",13.25,0.0127886296219092,0.17044120818763,310,"Clump","Bottom",NA,0.0750324980554634
"H163",13.26,0.0191316316005436,0.204320481613944,310,"Clump","Top",NA,0.0936354077154741
"N186",13.34,0.0112364376105975,0.140634671759716,282,"Clump","Top","Fouling_ZM",0.0798980611964292
"N16",13.34,0.01498191681413,0.1634727808489,282,"Clump",NA,NA,0.0916477760782571
"L75",13.34,0.0174789029498183,0.150250717692004,92,"Clump",NA,"Fouling_QM",0.116331577102001
"M81",13.38,0.016058797316351,0.193016477529185,99,"Clump",NA,"Fouling_QM",0.0831991005219896
"N124",13.4,0.0135163455776661,0.156582782125068,282,"Clump","Bottom",NA,0.0863207652478047
"M26",13.4,0.0184313803331811,0.149465382937565,99,"Clump",NA,NA,0.123315378925435
"N141",13.42,0.0110004254854649,0.166526263371842,282,"Clump","Bottom",NA,0.0660582016477586
"H38",13.42,0.0122226949838499,0.151172778096424,310,"Clump","Bottom",NA,0.0808524863917879
"H217",13.42,0.0195563119741598,0.178336636660625,310,"Clump","Bottom","Fouling_QM",0.109659531212173
"H205",13.44,0.0133740658174264,0.175204913908239,310,"Clump","Bottom","Fouling_ZM",0.076333851140904
"H225",13.44,0.0133740658174264,0.157566835326873,310,"Clump","Bottom",NA,0.084878685223841
"L58",13.46,0.0108848009553401,0.110049250199386,92,"Clump",NA,NA,0.0989084517669962
"H112",13.49,0.0179985052136525,0.162832611985054,310,"Clump","Bottom",NA,0.110533786777949
"H48",13.5,0.0179512157554492,0.178725637138755,310,"Clump","Bottom","Fouling_QM",0.100440071401243
"M83",13.5,0.0215414589065391,0.200776202759771,99,"Clump",NA,"Fouled_by_QM",0.107290897080634
"L21",13.51,0.0143232683395441,0.152859890833937,92,"Clump",NA,NA,0.0937019401322518
"H197",13.57,0.00469989567490714,0.104015140956339,310,"Clump","Bottom","Fouled_by_ZM",0.045184726297491
"H207",13.57,0.0211495305370821,0.180597717264853,310,"Clump","Bottom","Fouling_QM",0.117108515309004
"H83",13.59,0.0151950012029307,0.174126157597676,310,"Clump","Top",NA,0.0872643226759717
"L54",13.59,0.01636384744931,0.170711919213408,92,"Clump",NA,NA,0.095856502139452
"M57",13.59,0.0175326936956893,0.170711919213408,99,"Clump",NA,NA,0.102703395149413
"H106",13.6,0.0116579776768825,0.145359125750287,310,"Clump","Bottom",NA,0.0802012093613565
"L73",13.63,0.0127238458847974,0.147804280371764,92,"Clump",NA,"Fouling_QM",0.0860857740573806
"N13",13.64,0.0126907579310706,0.137352968989301,282,"Clump",NA,NA,0.0923952210458528
"N54",13.65,0.0161099020423608,0.178623476359721,282,"Clump","Bottom","Fouled_by_QM",0.0901891642166779
"M50",13.68,0.0182683689329299,0.14287132473233,99,"Clump",NA,NA,0.127865888883971
"K78",13.7,0.0283966563661737,0.190048197645003,116,"Clump",NA,NA,0.149418182955972
"N32",13.71,0.0124622029192901,0.159697247376933,282,"Clump",NA,NA,0.0780364290805563
"N118",13.74,0.0112416965610837,0.134431401411575,282,"Clump","Bottom",NA,0.0836240375614777
"L16",13.75,0.0190615841208059,0.194618521793283,92,"Clump",NA,NA,0.0979433198092647
"M73",13.75,0.0190615841208059,0.0956599513899188,99,"Clump",NA,NA,0.199263995474021
"N158",13.79,0.0177562411853139,0.17878930408843,282,"Clump","Bottom",NA,0.0993137776101617
"K22",13.8,0.0221382518886749,0.196901778722261,116,"Clump",NA,NA,0.112432970551789
"K47",13.82,0.0187210080551661,0.144069309730034,116,"Clump",NA,NA,0.129944455833423
"N93",13.83,0.0131809361512714,0.170786017194703,282,"Clump",NA,NA,0.0771780756280804
"H76",13.83,0.01537775884315,0.162138623919022,310,"Clump","Top",NA,0.0948432796051743
"N61",13.83,0.01537775884315,0.154572154802801,282,"Clump","Top",NA,0.0994859576278052
"K27",13.84,0.0219119240318427,0.159636793849933,116,"Clump",NA,NA,0.137261113202017
"K74",13.85,0.017484644764219,0.161450452102396,116,"Clump",NA,NA,0.108297279670235
"H63",13.86,0.00980994237735186,0.143922997720649,310,"Clump","Bottom",NA,0.0681610481487658
"H119",13.89,0.0108165835083966,0.121665210557591,310,"Clump","Top",NA,0.088904490107108
"K32",13.91,0.0247513779525148,0.183852026039946,116,"Clump",NA,NA,0.134626626018998
"N134",13.92,0.018247878571181,0.207854656328057,282,"Clump","Bottom","Fouling_QM",0.0877915313207148
"N80",13.92,0.018247878571181,0.181342582816825,282,"Clump","Bottom","Fouling_QM",0.10062655051965
"N136",13.92,0.018247878571181,0.150588577543796,282,"Clump","Bottom","Fouling_QM",0.121177043231409
"H193",13.93,0.00749469928028319,0.136513444904811,310,"Clump","Bottom","Fouled_by_QM",0.05490081424221
"H165",13.94,0.0106794694366121,0.144673494288753,310,"Clump","Bottom",NA,0.0738177334356561
"N142",13.94,0.0181550980422405,0.185857919670222,282,"Clump","Bottom","Fouled_by_QM",0.0976826711202517
"L47",13.99,0.0105445750858356,0.12957266091074,92,"Clump",NA,NA,0.0813796290955196
"H108",14,0.012621430464863,0.161625548353868,310,"Clump","Bottom",NA,0.0780905654669719
"L42",14.04,0.0218648992373286,0.223349538763588,92,"Clump",NA,NA,0.0978954304466788
"N203",14.05,0.0186940268491264,0.225977550121823,282,"Clump","Bottom",NA,0.0827251505251231
"K12",14.05,0.0207711409434737,0.144460534324453,116,"Clump",NA,NA,0.143784190198428
"N86",14.08,0.0154608302733612,0.181496371236704,282,"Clump","Bottom",NA,0.0851853409961427
"N67",14.08,0.0164915522915852,0.15688669378088,282,"Clump","Top",NA,0.105117597255371
"H176",14.08,0.0154608302733612,0.142531048598316,310,"Clump","Bottom",NA,0.108473419829621
"M41",14.09,0.0174781621490969,0.164745292257534,99,"Clump",NA,"Fouled_by_QM",0.106092027939557
"H164",14.1,0.0215363550935236,0.167465012441757,310,"Clump","Top",NA,0.12860211682135
"N132",14.11,0.00818370068670261,0.150811929822575,282,"Clump","Bottom","Fouled_by_QM",0.0542642793334086
"H208",14.11,0.00920666327254044,0.117184945470244,310,"Clump","Bottom","Fouling_QM",0.0785652392088045
"H170",14.12,0.00816314203046629,0.131177115910519,310,"Clump","Bottom",NA,0.0622299245855864
"H79",14.13,0.0122139742808839,0.192804424502786,310,"Clump","Top",NA,0.0633490352328889
"N114",14.14,0.0121833343464932,0.150884744129978,282,"Clump","Bottom",NA,0.0807459655165533
"H50",14.16,0.0111121536363925,0.185553921466338,310,"Clump","Bottom",NA,0.0598863853082643
"K100",14.16,0.0141427409917723,0.157317455156243,116,"Clump",NA,NA,0.0898993756142709
"N135",14.16,0.0242446988430383,0.26522109426982,282,"Clump","Bottom","Fouling_QM",0.0914131619499811
"N81",14.17,0.0171303385206962,0.173092537090283,282,"Clump","Bottom",NA,0.0989663610497617
"M9",14.18,0.0130669014598272,0.150639676724304,99,"Clump",NA,NA,0.08674276089786
"L13",14.18,0.0201029253228111,0.170724966954211,92,"Clump",NA,NA,0.117750354159991
"H77",14.21,0.0159621196634742,0.14471534580459,310,"Clump","Top",NA,0.11030011761868
"L70",14.22,0.0139320144395502,0.147403927990617,92,"Clump",NA,"Fouled_by_QM",0.0945158967570864
"H53",14.26,0.01477903087187,0.192615526664452,310,"Clump","Bottom",NA,0.0767281388359514
"L36",14.26,0.0157642995966613,0.176811175758651,92,"Clump",NA,"Fouling_QM",0.0891589546250162
"H24",14.27,0.01179383495519,0.135045823349876,310,"Clump",NA,NA,0.0873320970811115
"N6",14.31,0.00681170468904745,0.126116585360492,282,"Clump",NA,NA,0.0540111728332707
"K43",14.31,0.0145965100479588,0.142736600485518,116,"Clump",NA,"Fouling_QM",0.102261858544402
"K41",14.33,0.0242071849344718,0.121704659853168,116,"Clump",NA,NA,0.198901052463207
"N49",14.34,0.0106248142289388,0.162263914762541,282,"Clump","Bottom","Fouled_by_QM",0.0654786016009
"M91",14.34,0.014488383039462,0.156434073513587,99,"Clump",NA,NA,0.0926165426370719
"K71",14.34,0.014488383039462,0.134086348725932,116,"Clump",NA,NA,0.108052633076584
"L79",14.36,0.0163391173318328,0.173211587585218,92,"Clump",NA,"Fouling_QM",0.0943303941706219
"H216",14.39,0.0143104420546422,0.175036086907915,310,"Clump","Bottom",NA,0.0817570953935394
"L10",14.39,0.0228967072874276,0.162533509271635,92,"Clump",NA,"Fouling_QM",0.140873764370406
"H181",14.4,0.0152268699017552,0.163161290010617,310,"Clump","Bottom","Fouled_by_ZM",0.0933240347680774
"H86",14.4,0.0123718317951761,0.132448576596854,310,"Clump","Top",NA,0.0934085674082659
"H62",14.41,0.0189867336387997,0.174322005902655,310,"Clump","Bottom",NA,0.10891759500176
"H115",14.45,0.0122205136458815,0.146304662186361,310,"Clump",NA,NA,0.083527848417538
"N185",14.46,0.0121905351336814,0.153591841192898,282,"Clump","Top","Fouling_QM",0.0793696790076964
"N68",14.47,0.0187086935559058,0.192072623515264,282,"Clump","Top",NA,0.0974042693513742
"N5",14.48,0.00653200170976267,0.128417806624872,282,"Clump",NA,NA,0.0508652334239258
"H136",14.48,0.0102645741153413,0.152968269656097,310,"Clump","Top",NA,0.0671026359807699
"L65",14.49,0.0121011632949632,0.151715423674762,92,"Clump",NA,"Fouled_by_QM",0.0797622483057819
"N184",14.49,0.0167554568699491,0.152657755498828,282,"Clump","Top",NA,0.1097583074977
"N121",14.5,0.0111429778932587,0.130718418810037,282,"Clump","Bottom",NA,0.0852441300521842
"N65",14.51,0.0166736052421905,0.188641299088847,282,"Clump","Top",NA,0.0883878838977751
"K58",14.52,0.0147847747434199,0.135808848202352,116,"Clump",NA,NA,0.108864591218615
"K91",14.54,0.0119540677744387,0.110073448902253,116,"Clump",NA,"Fouling_QM",0.108600828752574
"N87",14.54,0.0193104171740933,0.170707128382307,282,"Clump","Bottom",NA,0.113120157061319
"L44",14.55,0.0192633389642445,0.175947674120735,92,"Clump",NA,NA,0.109483339637818
"N101",14.55,0.0210979426751249,0.161983573000041,282,"Clump","Top",NA,0.130247421293266
"L76",14.56,0.0155561396123981,0.182095645367686,92,"Clump",NA,NA,0.085428399899335
"H101",14.56,0.0192164077564918,0.199747774255369,310,"Clump","Bottom",NA,0.0962033636075686
"H137",14.59,0.0136260646880692,0.149598557685906,310,"Clump","Top",NA,0.0910841982626477
"M89",14.59,0.0163512776256831,0.146828214025056,99,"Clump",NA,NA,0.111363321649426
"K31",14.6,0.0199363390222026,0.159434632398726,116,"Clump",NA,NA,0.12504396768918
"L48",14.61,0.018079940241997,0.151755791900247,92,"Clump",NA,NA,0.11913838684906
"M47",14.66,0.0187550589359454,0.160253237729389,99,"Clump",NA,NA,0.117033884629627
"N154",14.68,0.0142205700991023,0.188631741594819,282,"Clump","Bottom",NA,0.0753880019283713
"H23",14.69,0.00797975488323175,0.0941270214944806,310,"Clump",NA,NA,0.0847764516133092
"H144",14.69,0.0141862309035231,0.162912152586601,310,"Clump","Top",NA,0.0870790219040411
"M10",14.69,0.0203927069238145,0.179203367845261,99,"Clump",NA,NA,0.113796449079145
"H88",14.72,0.0105628867063269,0.149341747341748,310,"Clump","Bottom",NA,0.070729631160369
"L40",14.72,0.0105628867063269,0.138545958377285,92,"Clump",NA,"Fouling_QM",0.0762410309910471
"M34",14.73,0.020196777490784,0.193936160616892,99,"Clump",NA,NA,0.104141370162945
"H82",14.78,0.010411432240973,0.14578647054408,310,"Clump","Top",NA,0.0714156272671748
"H93",14.79,0.00432769209214121,0.0878302246170832,310,"Clump","Bottom",NA,0.0492733806728699
"H178",14.8,0.0164058136421142,0.156717709095259,310,"Clump","Bottom",NA,0.104683853132017
"N89",14.8,0.0181327413939156,0.166457227739597,282,"Clump",NA,"Fouling_QM",0.108933337651653
"M22",14.81,0.0120595398265367,0.14845358258854,99,"Clump",NA,"Fouled_by_ZM",0.0812344142610647
"N52",14.82,0.011171340343562,0.143749446499709,282,"Clump","Bottom","Fouled_by_ZM",0.0777139711879492
"N177",14.83,0.0154310105562089,0.176910003809622,282,"Clump","Top",NA,0.0872252005195517
"N111",14.84,0.014538895604926,0.174802544354935,282,"Clump","Bottom",NA,0.0831732493287109
"K26",14.84,0.0188150413710808,0.158112854190393,116,"Clump",NA,NA,0.118997544301012
"K53",14.85,0.0145041656729555,0.171826310165645,116,"Clump",NA,NA,0.0844117857094943
"M33",14.86,0.0136183924687417,0.135614082441624,99,"Clump",NA,NA,0.100420194006061
"H156",14.88,0.00847094813883011,0.155122154451629,310,"Clump","Top",NA,0.0546082419289217
"N126",14.9,0.016018231612992,0.160586338958356,282,"Clump","Bottom",NA,0.0997484077219416
"N183",14.91,0.0126158855916093,0.165467468126422,282,"Clump","Top",NA,0.0762439030128289
"H89",14.91,0.0117748265521686,0.136878847978925,310,"Clump","Bottom",NA,0.0860237116693267
"H160",14.92,0.0159421280152938,0.208371950785903,310,"Clump","Top",NA,0.0765080326558632
"N194",14.94,0.00835078274328589,0.103345388995097,282,"Clump","Top","Fouling_QM",0.0808045992616278
"H128",14.95,0.014995742481686,0.195969906885807,310,"Clump","Top",NA,0.0765206389082179
"H67",14.96,0.0141290630624106,0.170707604735285,310,"Clump",NA,NA,0.0827676252872298
"K93",15.01,0.0123200050136601,0.139308769849647,116,"Clump",NA,NA,0.0884366793774489
"N51",15.01,0.0188906743542788,0.186877618090991,282,"Clump","Bottom","Fouled_by_QM",0.101085804427799
"N88",15.02,0.0131103021722721,0.189054988245179,282,"Clump",NA,"Fouled_by_QM",0.0693465022740886
"N96",15.04,0.0171261699782545,0.166359857625707,282,"Clump","Top",NA,0.102946529425305
"N117",15.05,0.0122041449047755,0.186262296669699,282,"Clump","Bottom",NA,0.065521284355348
"N166",15.06,0.0137987847403913,0.150569372811289,282,"Clump","Top","Fouling_QM",0.0916440341269503
"H223",15.07,0.00809782561485274,0.1133362588903,310,"Clump","Bottom",NA,0.0714495581038261
"H187",15.08,0.0145417979419696,0.216175696703025,310,"Clump","Bottom","Fouled_by_QM",0.0672684217687368
"H73",15.09,0.00644782803780232,0.139654923586443,310,"Clump","Top",NA,0.0461697151250901
"H125",15.1,0.012061275963817,0.147729159564127,310,"Clump","Top",NA,0.0816445175712342
"H110",15.11,0.0104285651735613,0.164101642491894,310,"Clump","Bottom",NA,0.0635494259240971
"H162",15.11,0.0168461437419067,0.1932567566402,310,"Clump","Top",NA,0.0871697529999966
"H155",15.14,0.00876224873100882,0.179709491345593,310,"Clump","Top",NA,0.048757851716126
"N77",15.16,0.01189265003497,0.184787167538016,282,"Clump","Bottom","Fouled_by_QM",0.0643586359021567
"M60",15.16,0.0126854933706347,0.131990833955726,99,"Clump",NA,"Fouling_QM",0.0961088962805541
"N84",15.16,0.0150640233776287,0.153439344473531,282,"Clump","Bottom","Fouled_by_QM",0.0981757542650821
"K4",15.2,0.0117819088583845,0.126059679241919,116,"Clump",NA,NA,0.0934629449260616
"H139",15.2,0.0125673694489435,0.132608234007733,310,"Clump","Top","Fouling_QM",0.0947706569126814
"L3",15.21,0.00940354422498635,0.100489317128558,92,"Clump",NA,NA,0.0935775512630483
"H214",15.22,0.00938162703084908,0.131280589684169,310,"Clump","Bottom","Fouling_QM",0.0714624077589772
"H159",15.24,0.0108943201382052,0.169762711008312,310,"Clump","Top",NA,0.0641738110418828
"H127",15.25,0.0124216894238833,0.145925111396899,310,"Clump","Top",NA,0.0851237275406135
"L68",15.25,0.013198045012876,0.142682331143634,92,"Clump",NA,NA,0.0924995050689906
"L52",15.26,0.0193637711733264,0.162635611884167,92,"Clump",NA,NA,0.119062307135523
"K40",15.26,0.0170401186325272,0.134315977973989,116,"Clump",NA,NA,0.126865908952598
"N202",15.29,0.00846085662332462,0.141586463904096,282,"Clump","Bottom",NA,0.0597575247663195
"N130",15.29,0.0169217132466492,0.187441170963945,282,"Clump","Bottom",NA,0.0902774623079162
"H130",15.3,0.0130455521276064,0.144525947846809,310,"Clump","Top",NA,0.0902644287891751
"H65",15.31,0.01378093231099,0.150659308601966,310,"Clump","Bottom",NA,0.0914708320306881
"M63",15.31,0.0176089690640428,0.154666205107337,99,"Clump",NA,NA,0.113851432844184
"N75",15.32,0.0183320294108686,0.186362868618626,282,"Clump","Bottom","Fouled_by_ZM",0.0983673923177439
"L69",15.32,0.01604052573451,0.156768765018244,92,"Clump",NA,"Fouling_QM",0.102319653616225
"N195",15.34,0.0190076182342418,0.143419529671227,282,"Clump","Top","Fouling_QM",0.132531589510959
"M29",15.36,0.014379119806351,0.141283123291323,99,"Clump",NA,NA,0.101775211868027
"N146",15.36,0.020433486040604,0.157157631526304,282,"Clump","Bottom","Fouled_by_QM",0.130019050568245
"H189",15.37,0.0135908835645652,0.141012738951337,310,"Clump","Bottom",NA,0.0963805374297096
"N152",15.41,0.0127179340379935,0.179246564662395,282,"Clump","Bottom",NA,0.0709521773092128
"H49",15.42,0.0134350687236708,0.144379181857911,310,"Clump","Bottom",NA,0.0930540577303782
"H198",15.42,0.014927854137412,0.149087198657625,310,"Clump","Bottom","Fouling_QM",0.100128342820992
"M28",15.44,0.0126304182993994,0.15477295515656,99,"Clump",NA,"Fouling_QM",0.0816061067427649
"N109",15.52,0.0109418706852314,0.14088828792311,282,"Clump","Bottom",NA,0.0776634512813651
"H59",15.52,0.0145891609136419,0.143967813342194,310,"Clump","Bottom",NA,0.101336267982102
"K44",15.53,0.0167392109476606,0.149842513087427,116,"Clump",NA,NA,0.11171202753316
"M66",15.6,0.0164740595038502,0.149388755689035,99,"Clump",NA,NA,0.110276435651839
"K36",15.61,0.019295164149926,0.144565914216322,116,"Clump",NA,NA,0.133469665062634
"K77",15.64,0.0220032056647678,0.170845722509891,116,"Clump",NA,NA,0.128789912568598
"M45",15.66,0.0176641926799838,0.146960542508328,99,"Clump",NA,NA,0.12019683908681
"H172",15.67,0.011984458330868,0.172129974594811,310,"Clump","Bottom","Fouling_QM",0.0696244704565784
"H109",15.67,0.0140993627421976,0.163149280268125,310,"Clump","Bottom",NA,0.0864200118996926
"N150",15.67,0.0148043308793075,0.143691109226972,282,"Clump","Bottom","Fouling_QM",0.103028857936665
"N143",15.68,0.014770837309603,0.13819263921463,282,"Clump","Bottom",NA,0.106885847130122
"H140",15.69,0.0126320921123927,0.159555577436543,310,"Clump","Top",NA,0.0791704828834118
"H190",15.69,0.0126320921123927,0.156573230194739,310,"Clump","Bottom",NA,0.0806784920811911
"H94",15.69,0.0224570526442537,0.185651115802333,310,"Clump","Bottom","Fouling_QM",0.120963736453727
"M82",15.7,0.0126035494294516,0.160000827888033,99,"Clump",NA,NA,0.0787717763452543
"H52",15.71,0.00838339290165227,0.131474978385064,310,"Clump","Bottom","Fouled_by_QM",0.0637641702217967
"K86",15.74,0.0228987033901436,0.180966108119193,116,"Clump",NA,NA,0.126535867009205
"H149",15.76,0.0110524603551651,0.14938396916002,310,"Clump","Top",NA,0.0739869238802037
"N171",15.76,0.0124340178995608,0.143496916188197,282,"Clump","Top","Fouling_QM",0.0866500704673924
"M30",15.79,0.0116642173984715,0.150745455007937,99,"Clump",NA,NA,0.0773769092929363
"K96",15.79,0.0233284347969431,0.202701412801935,116,"Clump",NA,NA,0.115087677359891
"N55",15.8,0.0130072081428229,0.143891103221062,282,"Clump",NA,NA,0.0903961944251673
"N40",15.81,0.00819664559536802,0.10644169791388,282,"Clump","Bottom",NA,0.0770059643543056
"N38",15.82,0.0115858758998135,0.141173246074116,282,"Clump","Bottom","Fouled_by_QM",0.0820684954267533
"L46",15.82,0.0224902296878732,0.152088703244795,92,"Clump",NA,NA,0.147875740985667
"K70",15.83,0.0149598861105383,0.117667880075171,116,"Clump",NA,NA,0.127136531235043
"H209",15.86,0.0121579055951434,0.161074787526673,310,"Clump","Bottom","Fouled_by_QM",0.0754798797616301
"H90",15.87,0.00943501097056221,0.155008475267136,310,"Clump","Bottom",NA,0.0608677103255307
"M77",15.87,0.0148264458108835,0.132658416042572,99,"Clump",NA,NA,0.111764079906739
"K75",15.88,0.014793324332199,0.147525003431449,116,"Clump",NA,NA,0.100276725898014
"N106",15.91,0.00734726360531327,0.139551267782095,282,"Clump","Bottom",NA,0.0526492071486287
"H151",15.92,0.0113295594705463,0.166437777403507,310,"Clump","Top",NA,0.0680708409310182
"N137",15.94,0.0126061322304679,0.129527657196662,282,"Clump","Bottom",NA,0.097323865059398
"N69",15.94,0.0139330935178855,0.133797799741607,282,"Clump","Top",NA,0.104135445760644
"H222",15.95,0.00926806948858459,0.152020871744378,310,"Clump","Bottom",NA,0.0609657699119685
"H70",15.95,0.0145641091963472,0.15131049383903,310,"Clump","Bottom",NA,0.0962531337174874
"L80",15.96,0.0125501362564862,0.144650000006769,92,"Clump",NA,"Fouled_by_QM",0.0867620895672237
"H69",15.96,0.0132106697436697,0.134013970594507,310,"Clump","Bottom",NA,0.0985768102016911
"M90",15.97,0.0131813240049836,0.126689501916912,99,"Clump",NA,"Fouling_ZM",0.104044327316311
"N71",15.97,0.0151585226057312,0.122442926433664,282,"Clump","Top",NA,0.123800721260478
"N50",15.98,0.00986404632192139,0.117978779006624,282,"Clump","Bottom",NA,0.0836086489873538
"M80",15.98,0.0124944586744338,0.132814433851768,99,"Clump",NA,NA,0.0940745543393169
"L37",15.99,0.0137790268631484,0.127633985249584,92,"Clump",NA,NA,0.107957350357775
"K80",15.99,0.0209966123628929,0.155135230690102,116,"Clump",NA,"Fouling_QM",0.135343933608708
"H169",16,0.011129718617914,0.121064560792225,310,"Clump","Bottom",NA,0.0919320942898821
"H143",16,0.0183313012530348,0.167519566677614,310,"Clump","Top",NA,0.109427821576884
"M49",16.03,0.0175594404148549,0.123898865685606,99,"Clump",NA,NA,0.141723980422969
"N59",16.05,0.0123020627943115,0.175752190469493,282,"Clump","Top",NA,0.0699966399363137
"N139",16.06,0.00839860786993991,0.146888053755681,282,"Clump","Bottom","Fouling_QM",0.057176929336332
"N131",16.06,0.0148590754622014,0.160114940112828,282,"Clump","Bottom",NA,0.0928025545382004
"H87",16.06,0.0213195430544628,0.160811092026362,310,"Clump","Bottom",NA,0.132575077911715
"H103",16.07,0.0109585497899941,0.119518952788827,310,"Clump","Bottom","Fouling_QM",0.0916888036105557
"M32",16.07,0.0154708938211681,0.166770631798364,99,"Clump",NA,"Fouling_QM",0.0927674954177386
"H105",16.1,0.0108862248252425,0.16585763745863,310,"Clump","Bottom",NA,0.0656359573912163
"N180",16.11,0.0134180766355136,0.156587243010363,282,"Clump","Top",NA,0.0856907394086091
"N129",16.12,0.0114758976909641,0.1108570139922,282,"Clump","Bottom","Fouling_QM",0.103519816001643
"N43",16.13,0.0108145105071018,0.133335656048712,282,"Clump","Bottom",NA,0.081107415882447
"K9",16.15,0.0133004576025554,0.1205239223378,116,"Clump",NA,NA,0.110355333153508
"N176",16.15,0.0158338780982803,0.123947897404215,282,"Clump","Top",NA,0.127746242008796
"L34",16.18,0.0157298920903292,0.172990400981224,92,"Clump",NA,NA,0.0909292770067429
"H218",16.21,0.0112512814009197,0.146987402969092,310,"Clump","Bottom","Fouled_by_QM",0.0765458887880727
"N147",16.24,0.00993570051925555,0.123958033597609,282,"Clump","Bottom","Fouling_QM",0.0801537442220866
"N90",16.24,0.0149035507788833,0.174484405987939,282,"Clump",NA,NA,0.0854148007926482
"H168",16.24,0.0167664946262437,0.136084362971288,310,"Clump","Bottom","Fouling_QM",0.12320662168791
"H204",16.25,0.0117728865024793,0.151304728614798,310,"Clump","Bottom","Fouled_by_ZM",0.0778091115212367
"H206",16.26,0.00927410578826139,0.122838550815754,310,"Clump","Bottom",NA,0.0754983327845639
"N138",16.26,0.0148385692612182,0.160428489863198,282,"Clump","Bottom",NA,0.0924933549762356
"M8",16.27,0.0135723634420595,0.153438085848738,99,"Clump",NA,NA,0.0884549840868019
"H66",16.31,0.016512408930509,0.173619859593662,310,"Clump",NA,NA,0.0951066828941942
"M16",16.31,0.0171239796316389,0.129050776862722,99,"Clump",NA,NA,0.132691798127295
"N35",16.33,0.00974264930853883,0.120632344558589,282,"Clump",NA,NA,0.0807631596997352
"H192",16.34,0.00911390342721466,0.106521118918435,310,"Clump","Bottom",NA,0.0855595915603675
"N110",16.38,0.0132515266818801,0.120208607732476,282,"Clump","Bottom",NA,0.110237751953432
"M76",16.39,0.0174301124392724,0.165236074584933,99,"Clump",NA,NA,0.105486120286119
"H25",16.41,0.00777974168071822,0.129363169476037,310,"Clump",NA,NA,0.0601387683390002
"L20",16.45,0.0124591166586346,0.120006600948616,92,"Clump",NA,NA,0.103820261220208
"N112",16.45,0.014238990467011,0.13427765619656,282,"Clump","Bottom",NA,0.106041398623815
"N162",16.46,0.0130242762098702,0.16511888860909,282,"Clump","Top","Fouled_by_QM",0.078878172688677
"N172",16.46,0.0153923264298466,0.162528788395614,282,"Clump","Top",NA,0.0947052308811895
"H183",16.46,0.017760376649823,0.170299089036042,310,"Clump","Bottom",NA,0.104289322687241
"N151",16.47,0.0106332726716306,0.140261975621057,282,"Clump","Bottom",NA,0.0758100876916087
"N79",16.47,0.0112240100422768,0.137030132864811,282,"Clump","Bottom","Fouled_by_QM",0.0819090648722491
"H97",16.51,0.0111277622530246,0.163009609599179,310,"Clump","Bottom",NA,0.0682644555764929
"N140",16.51,0.0117134339505523,0.127712253189908,282,"Clump","Bottom",NA,0.0917173854346956
"K52",16.51,0.021084181110994,0.171352621114098,116,"Clump",NA,NA,0.123045571021378
"H84",16.52,0.0134415216895721,0.15439119378102,310,"Clump","Top",NA,0.0870614531851917
"H75",16.53,0.0104968752303311,0.142605674179009,310,"Clump","Top","Fouling_QM",0.0736076968238636
"N57",16.55,0.00987124659331852,0.126805865658267,282,"Clump",NA,NA,0.0778453468384564
"L23",16.56,0.0104295171965202,0.120219781163687,92,"Clump",NA,NA,0.0867537529644956
"H78",16.56,0.0133266053066647,0.150751789078274,310,"Clump","Top",NA,0.0884009761220493
"L78",16.58,0.0132696192244863,0.14768186631299,92,"Clump",NA,"Fouled_by_QM",0.0898527324699658
"L11",16.59,0.0166954806708142,0.142358376981198,92,"Clump",NA,NA,0.117277823931775
"N63",16.61,0.01375797321884,0.174638579186061,282,"Clump","Top",NA,0.0787796905068848
"H58",16.61,0.01031847991413,0.12483190858787,310,"Clump","Bottom",NA,0.0826589934485117
"L38",16.61,0.0149044709870767,0.163920688044678,92,"Clump",NA,NA,0.0909248927933629
"H188",16.62,0.0108684797868594,0.149784897960505,310,"Clump","Bottom","Fouled_by_ZM",0.0725605847775471
"N201",16.62,0.00686430302327965,0.0944022466137635,282,"Clump","Bottom",NA,0.0727133439033945
"N199",16.63,0.0176949539254813,0.152032889641688,282,"Clump","Top","Fouled_by_QM",0.116388986404092
"N153",16.64,0.0119613482764009,0.152391250621076,282,"Clump","Bottom","Fouling_QM",0.0784910434664198
"N149",16.66,0.0141791016925645,0.144979393902249,282,"Clump","Bottom","Fouling_QM",0.0978008067968925
"N148",16.67,0.0118850980990596,0.147842602773706,282,"Clump","Bottom",NA,0.0803902114551611
"H92",16.71,0.0157125299614636,0.172819158657684,310,"Clump","Bottom","Fouled_by_QM",0.0909189124834626
"N120",16.72,0.0123193644498736,0.168186774035972,282,"Clump","Bottom",NA,0.0732481166874555
"H96",16.76,0.0122152947974234,0.160868053834117,310,"Clump","Bottom",NA,0.0759336270085012
"H226",16.78,0.0105049984652402,0.146231838435831,310,"Clump","Bottom",NA,0.0718379702916064
"H81",16.79,0.014344886699567,0.134370880319467,310,"Clump","Top","Fouling_QM",0.10675591813838
"N198",16.81,0.0126361861431716,0.130249030639717,282,"Clump","Top",NA,0.097015586842444
"H150",16.82,0.00877184971610943,0.139134877519239,310,"Clump","Top",NA,0.0630456566499404
"K92",16.82,0.0164472182177052,0.145210636362873,116,"Clump",NA,NA,0.113264555749239
"H39",16.85,0.0130747915018767,0.135385034073477,310,"Clump","Bottom",NA,0.0965748658362096
"H213",16.85,0.0152539234188562,0.131154251758681,310,"Clump","Bottom","Fouling_QM",0.116305214770489
"M71",16.86,0.0114163696487472,0.129115392248782,99,"Clump",NA,NA,0.0884198967288881
"K21",16.87,0.0146473220781188,0.149368142908961,116,"Clump",NA,"Fouling_QM",0.0980618878487782
"N78",16.9,0.0118598068171487,0.151584808582909,282,"Clump","Bottom","Fouling_QM",0.078238755769923
"H57",16.91,0.0150626320865797,0.140555184383456,310,"Clump","Bottom",NA,0.107165254363628
"H56",16.92,0.0091259944534684,0.139713753311052,310,"Clump","Bottom","Fouling_QM",0.0653192276149847
"N72",16.92,0.0155678728912108,0.139116685989209,282,"Clump","Top",NA,0.111905144810726
"H99",16.93,0.009106870924618,0.147219384488222,310,"Clump","Bottom","Fouled_by_QM",0.0618591835326319
"N48",16.96,0.0111791741536026,0.121551075285825,282,"Clump","Bottom",NA,0.0919710017152457
"N64",16.96,0.0165025904172229,0.1423036978956,282,"Clump","Top",NA,0.115967403948489
"K79",16.96,0.019164298549033,0.164242184654505,116,"Clump",NA,"Fouling_QM",0.116683168756836
"H98",16.97,0.0100933458979389,0.146200352605398,310,"Clump","Bottom",NA,0.0690377671330334
"K3",16.98,0.011132495150951,0.119948403326794,116,"Clump",NA,"Fouling_QM",0.0928106989521241
"L7",16.98,0.0137830892345108,0.140629162521069,92,"Clump",NA,NA,0.0980101778850162
"L9",17,0.0126697893292399,0.141320425973199,92,"Clump",NA,NA,0.089652923432616
"H194",17,0.0147814208841132,0.140731590864977,310,"Clump","Bottom","Fouling_QM",0.105032713644906
"M1",17.01,0.0115897508350539,0.129907511906728,99,"Clump",NA,NA,0.0892154015186989
"N83",17.02,0.012617010360077,0.151981417989446,282,"Clump","Bottom","Fouling_QM",0.083016795914835
"H212",17.04,0.00889986326930531,0.112861764064846,310,"Clump","Bottom",NA,0.0788563189938427
"N160",17.06,0.0130336405965379,0.138696991298296,282,"Clump","Top",NA,0.0939720499668693
"H191",17.07,0.0119660282306994,0.162891736286896,310,"Clump","Bottom",NA,0.0734600078767903
"M15",17.07,0.0135268145216602,0.139621488245911,99,"Clump",NA,NA,0.0968820393737379
"H196",17.08,0.010383629092563,0.147511579928023,310,"Clump","Bottom",NA,0.0703919590423312
"N113",17.1,0.012925719651234,0.163209552413146,282,"Clump","Bottom",NA,0.0791970779903496
"N46",17.11,0.0092872213418603,0.146173846833274,282,"Clump","Bottom","Fouled_by_QM",0.0635354514029673
"H71",17.11,0.0113510483067181,0.159462378363572,310,"Clump","Top",NA,0.0711832372199912
"L60",17.11,0.00980317808307476,0.113241399127754,92,"Clump",NA,NA,0.0865688534280227
"M27",17.11,0.0118670050479326,0.133463077543424,99,"Clump",NA,NA,0.0889160153232003
"L22",17.12,0.00823820069864426,0.0922831189525987,92,"Clump",NA,NA,0.0892709391722641
"N133",17.14,0.0112806683788538,0.136225430246062,282,"Clump","Bottom",NA,0.0828088291479624
"N179",17.15,0.0117690296825705,0.134844158605481,282,"Clump","Top",NA,0.0872787505538419
"H224",17.16,0.0122553370194728,0.157525851967638,310,"Clump","Bottom",NA,0.0777988937459645
"H85",17.17,0.0107012628193414,0.1675490869916,310,"Clump","Top",NA,0.0638694188759015
"M25",17.17,0.0101916788755632,0.120658216229446,99,"Clump",NA,"Fouling_QM",0.0844673424989355
"N122",17.17,0.0122300146506759,0.119514536454759,282,"Clump","Bottom",NA,0.102330770912586
"M69",17.18,0.017290075677604,0.137006579070301,99,"Clump",NA,NA,0.126198871579241
"H131",17.22,0.0100870031614102,0.130402310042428,310,"Clump","Top",NA,0.0773529484111772
"N188",17.22,0.0116000536356218,0.138339841958054,282,"Clump","Top",NA,0.0838518641588375
"L27",17.26,0.0150063793166451,0.122757520497469,92,"Clump",NA,NA,0.1222440731601
"N14",17.28,0.00996320395325768,0.130757676385648,282,"Clump",NA,NA,0.0761959391498581
"N98",17.28,0.0139484855345607,0.133002443362226,282,"Clump","Top","Fouling_QM",0.104873904433265
"H111",17.29,0.0114341745005829,0.150703738282584,310,"Clump","Bottom",NA,0.0758718704053829
"N193",17.32,0.0118581019040207,0.123182212008079,282,"Clump","Top",NA,0.0962647261379187
"N95",17.33,0.0118338263606473,0.137440541483052,282,"Clump","Top",NA,0.0861014241718957
"H154",17.34,0.00836514358590907,0.151094763524483,310,"Clump","Top",NA,0.0553635572191989
"N161",17.34,0.0147620180927807,0.156094222611691,282,"Clump","Top",NA,0.0945712009438273
"H126",17.35,0.0137497103814703,0.158602333423285,310,"Clump","Top",NA,0.0866929892183518
"H211",17.36,0.0147017260737867,0.134528180324901,310,"Clump","Bottom",NA,0.109283616549933
"K17",17.36,0.0166619562169583,0.135635408146505,116,"Clump",NA,NA,0.122843706113679
"N167",17.37,0.014182641793398,0.161381491383432,282,"Clump","Top",NA,0.087882703721587
"N15",17.39,0.00487062616705252,0.0980437477430608,282,"Clump",NA,NA,0.0496780904358814
"H148",17.39,0.0107153775675155,0.158081773046396,310,"Clump","Top",NA,0.0677837638142549
"N108",17.43,0.0140100676376904,0.140603506024995,282,"Clump","Bottom",NA,0.0996423775890758
"N99",17.51,0.0118828725729965,0.123607529162013,282,"Clump","Top","Fouling_QM",0.0961338896874282
"M31",17.52,0.00996140034954339,0.104000861076439,99,"Clump",NA,"Fouling_QM",0.0957819026346519
"H51",17.55,0.0033003588081736,0.123852464296538,310,"Clump","Bottom",NA,0.0266475021463571
"L24",17.57,0.0140873148804052,0.119163058648808,92,"Clump",NA,NA,0.118218809085144
"H95",17.59,0.0140305297611339,0.156577686696473,310,"Clump","Bottom","Fouling_QM",0.0896074661540516
"N97",17.6,0.0121352809115033,0.137175246550004,282,"Clump","Top","Fouled_by_QM",0.0884655301645811
"N76",17.6,0.013068764058542,0.133453437535082,282,"Clump","Bottom",NA,0.0979275191401983
"H146",17.61,0.00978182637470741,0.133230506539882,310,"Clump","Top",NA,0.0734203196306188
"H100",17.62,0.0106918573942162,0.128768773017199,310,"Clump","Bottom","Fouled_by_QM",0.0830314457744205
"N116",17.67,0.0101246209465896,0.159229932353037,282,"Clump","Bottom",NA,0.063584910179713
"H107",17.72,0.0123016388348109,0.154784177847995,310,"Clump","Bottom",NA,0.0794760744014265
"N156",17.74,0.0104372895557591,0.13141613878814,282,"Clump","Bottom",NA,0.0794216726500037
"H80",17.85,0.0119864990766287,0.117825277071245,310,"Clump","Top",NA,0.101731134223269
"L61",17.95,0.0147976761891956,0.132963105112528,92,"Clump",NA,"Fouling_QM",0.111291596091052
"N66",17.97,0.0112712196272067,0.124026214245543,282,"Clump","Top",NA,0.0908777204542606
"H91",17.98,0.00995101997101232,0.136804766616317,310,"Clump","Bottom","Fouling_QM",0.0727388395677835
"N165",18,0.00948087166237306,0.1358601905873,282,"Clump","Top",NA,0.0697840303431703
"H203",18.01,0.00774179591969305,0.132160372470657,310,"Clump","Bottom","Fouled_by_ZM",0.0585787991889319
"N42",18.05,0.00981468362668925,0.133768243449928,282,"Clump","Bottom","Fouling_QM",0.0733708044119087
"N115",18.07,0.0148767814298392,0.139236976067323,282,"Clump","Bottom",NA,0.106845048276874
"H72",18.09,0.0131249298230191,0.12407224717669,310,"Clump","Top",NA,0.105784574082292
"H145",18.12,0.0122061404733143,0.159581953756475,310,"Clump","Top",NA,0.0764882255542571
"N70",18.12,0.0113643376820512,0.133228970567332,282,"Clump","Top",NA,0.0852992981455774
"H74",18.16,0.00960523954448619,0.128488190153957,310,"Clump","Top",NA,0.0747558163359374
"H171",18.16,0.0108580968763757,0.143034023001575,310,"Clump","Bottom",NA,0.0759126860065746
"L74",18.17,0.00791926972251145,0.116662338794634,92,"Clump",NA,"Fouling_QM",0.0678819729171733
"L82",18.18,0.0133116885809792,0.133872104503752,92,"Clump",NA,NA,0.0994358655249651
"N45",18.2,0.00953049985981527,0.116578971181429,282,"Clump","Bottom",NA,0.0817514493671691
"H104",18.23,0.0115347018534856,0.132314860649629,310,"Clump","Bottom",NA,0.0871761629559479
"L8",18.24,0.00863419921972256,0.12683654844856,92,"Clump",NA,NA,0.0680734325029688
"N60",18.24,0.0143903320328709,0.132101461780387,282,"Clump","Top",NA,0.108933934862843
"N189",18.26,0.0126962279274879,0.124996825659766,282,"Clump","Top",NA,0.101572402822823
"H55",18.34,0.00443573041889684,0.136115456129064,310,"Clump","Bottom",NA,0.0325879995192531
"N100",18.38,0.0148052219402825,0.144136975385448,282,"Clump","Top",NA,0.10271633562929
"N170",18.4,0.0111607746561276,0.135279659583949,282,"Clump","Top",NA,0.0825014986765371
"H138",18.41,0.00954794235497984,0.145775424873291,310,"Clump","Top","Fouled_by_QM",0.0654976129431899
"N91",18.42,0.00992661660901106,0.142752658678328,282,"Clump",NA,NA,0.0695371750054703
"K67",18.46,0.0102444795754154,0.134913637372429,116,"Clump",NA,NA,0.0759336103816959
"L63",18.47,0.0110113240845097,0.140234320597831,92,"Clump",NA,NA,0.0785208930136898
"K28",18.5,0.0152490824476298,0.152420806521922,116,"Clump",NA,NA,0.100045937267998
"N105",18.54,0.0120284747321473,0.131838775887634,282,"Clump","Bottom",NA,0.0912362440500744
"H102",18.62,0.0106996093194247,0.127475837735972,310,"Clump","Bottom",NA,0.083934410704449
"N47",18.67,0.00908419062977873,0.103681553202149,282,"Clump","Bottom",NA,0.0876162668210341
"N178",18.8,0.00443156510411612,0.051668479896048,282,"Clump","Top",NA,0.085769217771299
"N94",18.83,0.0146884970827749,0.124208227398384,282,"Clump",NA,NA,0.118257038124078
"H210",18.86,0.00876342769359305,0.123627599096077,310,"Clump","Bottom",NA,0.0708856902315362
"N107",19.06,0.00949645708888005,0.113119851260879,282,"Clump","Bottom",NA,0.0839504028959437
"H215",19.15,0.00933894892557565,0.135201786210164,310,"Clump","Bottom","Fouled_by_QM",0.0690741534365438
"N175",19.16,0.0107026413017353,0.148245160291733,282,"Clump","Top",NA,0.0721955528306858
"H182",19.25,0.0074700957580424,0.12130077777734,310,"Clump","Bottom",NA,0.0615832469908358
"N41",19.27,0.00947240758738934,0.112787122733141,282,"Clump","Bottom","Fouling_QM",0.0839848322915503
"M78",19.28,0.0121563976585795,0.10895605378005,99,"Clump",NA,NA,0.111571567038576
"N181",19.73,0.00840023420290478,0.124594259734178,282,"Clump","Top",NA,0.067420716017148
"N37",19.78,0.0101751076258973,0.108210839759457,282,"Clump",NA,NA,0.09403039148865
"H153",19.82,0.00857172347692986,0.123685969493725,310,"Clump","Top",NA,0.069302310617897
"H46",20.66,0.0081897515206506,0.116095669775722,310,"Clump","Bottom","Fouling_QM",0.0705431265134339
"F6",7.11,0.0233173715789384,0.160878781701631,48,"Mono",NA,NA,0.144937519617617
"H7",7.13,0.0230859850777841,0.113967251048706,28,"Mono",NA,NA,0.2025668327116
"G3",7.16,0.0227443936235687,0.127576471434704,48,"Mono",NA,NA,0.17828047262782
"F5",7.2,0.0334484214643823,0.155031388420384,48,"Mono",NA,NA,0.215752576334306
"H4",7.24,0.021864621470449,0.145260812152275,28,"Mono",NA,NA,0.150519752344002
"F10",7.31,0.0105651508084723,0.141204594461217,48,"Mono",NA,NA,0.0748215796290826
"H19",7.32,0.0105139967773737,0.189860721212733,28,"Mono",NA,NA,0.0553774193535959
"E3",7.46,0.0196601308758974,0.113058513025554,38,"Mono",NA,NA,0.173893414567144
"G19",7.58,0.0185772357892022,0.139597809566415,48,"Mono",NA,NA,0.133076843017109
"G17",7.62,0.0182333223859796,0.131204111149447,48,"Mono",NA,NA,0.138969139200304
"F11",7.81,0.0167067117169721,0.14527338689765,48,"Mono",NA,NA,0.115001873872071
"H5",8.05,0.0225067791938611,0.148838195911771,28,"Mono",NA,NA,0.151216420328037
"E4",8.14,0.0144237806466812,0.108034805711677,38,"Mono",NA,NA,0.133510497396324
"F12",8.23,0.0277430769221853,0.144439743002716,48,"Mono",NA,NA,0.192073707315193
"H1",8.4,0.0193504324785785,0.150073319426413,28,"Mono",NA,NA,0.128939857881046
"G16",8.85,0.0160777568742354,0.144793248267817,48,"Mono",NA,NA,0.111039410100789
"H14",9.15,0.0190442012999939,0.145845393621282,28,"Mono",NA,NA,0.130578010228051
"E7",9.42,0.0171760162934504,0.127186953172777,38,"Mono",NA,NA,0.135045426161894
"F8",9.43,0.0213892958711358,0.153483091954237,48,"Mono",NA,NA,0.139359297488699
"F3",9.85,0.120934878649057,0.507747222071955,48,"Mono",NA,NA,0.238179301416086
"G15",10.01,0.0138437189887272,0.125955448443628,48,"Mono",NA,NA,0.109909647893659
"F14",10.17,0.0327146232068882,0.232409199887455,48,"Mono",NA,NA,0.140763030132759
"G14",10.31,0.00934936647127043,0.0975081648144104,48,"Mono",NA,NA,0.0958829087704122
"H10",11.5,0.0148024293979525,0.143257947723301,28,"Mono",NA,NA,0.10332710773257
"H2",11.82,0.0191829769000993,0.180191299101017,28,"Mono",NA,NA,0.106458952212477
"F2",12.15,0.017396344480175,0.159833250596521,48,"Mono",NA,NA,0.108840584892376
"E2",12.33,0.018162485212934,0.139423216361795,38,"Mono",NA,NA,0.130268729174942
"H17",12.65,0.027136178427788,0.220645519069402,28,"Mono",NA,NA,0.122985404563111
"H6",12.8,0.0173492848194946,0.18597209674679,28,"Mono",NA,NA,0.0932897199256539
"F13",12.95,0.013871909369152,0.141663606156814,48,"Mono",NA,NA,0.0979214757091284
"G12",13.13,0.0264169091804154,0.216629608765828,48,"Mono",NA,NA,0.121945053268187
"H11",13.44,0.0182373624783088,0.182260145340786,28,"Mono",NA,NA,0.100062262345994
"G10",13.66,0.0137726314610876,0.153576886374257,48,"Mono",NA,NA,0.0896790642540086
"H13",13.83,0.0175745815350286,0.183757107108225,28,"Mono",NA,NA,0.0956402819547977
"F15",14.08,0.0216451623827056,0.155861290553554,48,"Mono",NA,NA,0.138874523018712
"G13",15.44,0.0252608365987987,0.169624905398856,48,"Mono",NA,NA,0.148921743180345
"G8",15.8,0.0123226182405691,0.146812749986972,48,"Mono",NA,NA,0.0839342512258819
"F4",17.33,0.0133130546557282,0.11796516111096,48,"Mono",NA,NA,0.112855817178139
"G9",17.61,0.0107134288865843,0.11412174862978,48,"Mono",NA,NA,0.0938771883117524
"",7,0.0123222793623226,0.112289327699501,1,"Singleton",NA,NA,0.109736870054993
"",9.14,0.00955914008323571,0.117052444761239,1,"Singleton",NA,NA,0.0816654457985413
"",9.3,0.00898795043334429,0.121650911187053,1,"Singleton",NA,NA,0.0738831328564752
"",9.65,0.00788310767071203,0.127822479457842,1,"Singleton",NA,NA,0.0616723107245938
"",9.69,0.0116522724691577,0.120115870580577,1,"Singleton",NA,NA,0.0970086002194109
"",11.06,0.0121438845700037,0.0980830449597361,1,"Singleton",NA,NA,0.123812271274703
"",11.08,0.00965299073501083,0.110017687608045,1,"Singleton",NA,NA,0.0877403528912652
"",11.33,0.0133767209053927,0.16522821543119,1,"Singleton",NA,NA,0.0809590593863403
"",11.53,0.0125709789165885,0.160626414973219,1,"Singleton",NA,NA,0.0782622143355717
"",12.35,0.00984996779752849,0.126693635469334,1,"Singleton",NA,NA,0.0777463505648056
"",12.36,0.0114586539338229,0.144448196673251,1,"Singleton",NA,NA,0.0793270819416522
"",12.53,0.00779727270214733,0.119965772126689,1,"Singleton",NA,NA,0.0649958114212202
"",12.67,0.0149913353555096,0.15247637792193,1,"Singleton",NA,NA,0.098319067909558
"",12.79,0.00869874623233421,0.114289293606941,1,"Singleton",NA,NA,0.0761116457876676
"",12.95,0.00832314562149119,0.107559404674618,1,"Singleton",NA,NA,0.0773818490969697
"",13.18,0.009121988715691,0.103373434190451,1,"Singleton",NA,NA,0.0882430654174166
"B6",13.36,0.017386181451235,0.151983081343242,1,"Singleton",NA,NA,0.114395505720598
"",13.78,0.00890101585401147,0.121268486759047,1,"Singleton",NA,NA,0.0733992489878865
"",15.76,0.0069077877219782,0.098608137278043,1,"Singleton",NA,NA,0.0700529176664242
"",16.31,0.00550413631016966,0.115746573062442,1,"Singleton",NA,NA,0.0475533414470971
"",18.33,0.00969671565522577,0.131144950370457,1,"Singleton",NA,NA,0.0739389174179761
"M27",9.58,0.036402859844537,0.203849478206114,48,"Mono",NA,NA,0.178577154893327
"M30",9.58,0.0121342866148457,0.152887108654585,48,"Mono",NA,NA,0.0793676243970341
"M28",11.68,0.0200118757153114,0.127969859931023,48,"Mono",NA,NA,0.15637960161946
"M26",12.4,0.0323655989227006,0.207169377677593,48,"Mono",NA,NA,0.15622771707636
"M29",12.43,0.0288802041760648,0.20274141095911,48,"Mono",NA,NA,0.142448471870848
"M25",12.5,0.0283100965812539,0.187773003892554,48,"Mono",NA,NA,0.150767660922404
"M23",13.49,0.0239980069515366,0.129102999502435,48,"Mono",NA,NA,0.185882644431386
"M24",14.93,0.0200895789213542,0.18552575594068,48,"Mono",NA,NA,0.10828458194116
"M2",10.03,0.0137459616863292,0.108521954140937,48,"Mono",NA,NA,0.126665261376305
"M16",11.02,0.0270624375850551,0.189832262832072,48,"Mono",NA,NA,0.142559737640566
"M10",11.44,0.0107713643961922,0.153038159590484,48,"Mono",NA,NA,0.0703835201953248
"M3",12.33,0.018162485212934,0.174279020452244,48,"Mono",NA,NA,0.104214983339953
"M5",14.14,0.0182750015197397,0.139745601945886,48,"Mono",NA,NA,0.130773357195287
"M20",14.37,0.021092544693113,0.170925683167551,48,"Mono",NA,NA,0.123401845189274
"M7",14.45,0.0235009877805413,0.181455782322046,48,"Mono",NA,NA,0.129513578899525
"M4",14.52,0.0194050168507387,0.148921426649475,48,"Mono",NA,NA,0.130303726517564
"M18",14.81,0.0198121011435959,0.149337234865853,48,"Mono",NA,NA,0.13266685405949
"M19",15.97,0.014499456405482,0.122442926433664,48,"Mono",NA,NA,0.118418081205674
"M1",16.2,0.0144081696754646,0.120110911810298,48,"Mono",NA,NA,0.119957208369385
"M6",17,0.0153093287728315,0.130721394025209,48,"Mono",NA,NA,0.117114179258823
"M21",11.75,0.0333060752845859,0.188608355791709,48,"Mono",NA,NA,0.176588545850894
"M13",12.69,0.0238521912249444,0.171263562840609,48,"Mono",NA,NA,0.139271838266865
"M11",13.96,0.0170003964777846,0.137754897554794,48,"Mono",NA,NA,0.123410468735041
"M15",13.97,0.0211965385556927,0.181537568496735,48,"Mono",NA,NA,0.116761168121925
"M9",14.68,0.0195532838862656,0.175935374372091,48,"Mono",NA,NA,0.111139013152135
"M22",15.07,0.0170054337911907,0.170424152257265,48,"Mono",NA,NA,0.0997830035587916
"M14",15.84,0.0196756856384958,0.179074035954844,48,"Mono",NA,NA,0.109874586416633
"M17",16.08,0.0141503653540748,0.124155558937759,48,"Mono",NA,NA,0.11397286980254
"M12",16.11,0.018529724877614,0.143480821789232,48,"Mono",NA,NA,0.129144262254321
"M8",16.67,0.0147148833607405,0.147218794323184,48,"Mono",NA,NA,0.099952478407325
