ID,Sample,size,lnsize,ogtissue,lntissue,tissue,ogshell,lnshell,shell,site,mass,no,ratio,ratio.m,location,body,Type,clump.density
L18,3.1,6.6,1.887069649,0.002,-6.214608098,0.030755125,0.017,-4.074541935,0.165158826,3,26.279,92,1.967741935,5.332289157,sport,0.186215452,Clump,mid
N9,2,6.73,1.906575144,0.001,-6.907755279,0.0143513,0.011,-4.509860006,0.100899637,2,91.724,282,2.098901099,12.80138429,sport,0.142233414,Clump,high
N7,2,6.79,1.915450942,0.001,-6.907755279,0.013907264,0.012,-4.422848629,0.107231453,2,91.724,282,2.098901099,12.80138429,sport,0.129693892,Clump,high
N34,2,6.87,1.927164106,0.001,-6.907755279,0.013342241,0.016,-4.135166557,0.138125777,2,91.724,282,2.098901099,12.80138429,sport,0.096594866,Clump,high
H118,4.2,7.08,1.957273908,0.001,-6.907755279,0.011992917,0.018,-4.017383521,0.142201385,4,106.604,222,2.69047619,14.85189591,sport,0.084337552,Clump,high
H36,4,7.21,1.975468951,0.001,-6.907755279,0.011244595,0.017,-4.074541935,0.127291947,4,106.604,222,2.69047619,14.85189591,sport,0.088337047,Clump,high
H43,4.1.1,7.27,1.983756292,0.001,-6.907755279,0.010919412,0.019,-3.9633163,0.138836138,4,106.604,222,2.69047619,14.85189591,sport,0.078649634,Clump,high
N11,2,7.42,2.004179057,0.001,-6.907755279,0.010157629,0.017,-4.074541935,0.116968337,2,91.724,282,2.098901099,12.80138429,sport,0.086840845,Clump,high
H45,4.1.1,7.46,2.009555414,0.001,-6.907755279,0.009966081,0.016,-4.135166557,0.108357929,4,106.604,222,2.69047619,14.85189591,sport,0.091973709,Clump,high
H34,4,7.51,2.016235466,0.001,-6.907755279,0.009733109,0.016,-4.135166557,0.106246352,4,106.604,222,2.69047619,14.85189591,sport,0.091608873,Clump,high
L5,3,7.54,2.020222182,0.002,-6.214608098,0.019193344,0.021,-3.863232841,0.137820115,3,26.279,92,1.967741935,5.332289157,sport,0.139263733,Clump,mid
N85,2.1.2?,7.59,2.026831591,0.001,-6.907755279,0.00937468,0.021,-3.863232841,0.135162533,2,91.724,282,2.098901099,12.80138429,sport,0.06935857,Clump,high
N36,2.1,7.68,2.038619547,0.003,-5.80914299,0.026974274,0.018,-4.017383521,0.111899372,2,91.724,282,2.098901099,12.80138429,sport,0.24105831,Clump,high
N10,2,7.92,2.069391206,0.002,-6.214608098,0.016126373,0.023,-3.772261063,0.13059085,2,91.724,282,2.098901099,12.80138429,sport,0.123487773,Clump,high
K63,1.3,8.14,2.09679018,0.001,-6.907755279,0.007317649,0.031,-3.473768074,0.162364656,1,25.697,116,2.135135135,9.707083333,sport,0.045069223,Clump,mid
L32,3,8.22,2.106570209,0.002,-6.214608098,0.014137137,0.019,-3.9633163,0.096687543,3,26.279,92,1.967741935,5.332289157,sport,0.146214669,Clump,mid
K89,1.4,8.26,2.111424588,0.003,-5.80914299,0.020844308,0.034,-3.381394754,0.170563067,1,25.697,116,2.135135135,9.707083333,sport,0.122208804,Clump,mid
K65,1.3,8.34,2.121063216,0.004,-5.521460918,0.02685985,0.045,-3.101092789,0.219425263,1,25.697,116,2.135135135,9.707083333,sport,0.122410018,Clump,mid
K8,1.1,8.37,2.124653885,0.001,-6.907755279,0.006630125,0.035,-3.352407217,0.168868305,1,25.697,116,2.135135135,9.707083333,sport,0.039262106,Clump,mid
K10,1.1,8.39,2.12704052,0.002,-6.214608098,0.013148659,0.033,-3.411247718,0.158103143,1,25.697,116,2.135135135,9.707083333,sport,0.083165073,Clump,mid
M39,5.1,8.41,2.129421474,0.001,-6.907755279,0.006519135,0.034,-3.381394754,0.161755558,5,26.516,99,1.605263158,4.463836802,sport,0.040302385,Clump,mid
N157,2.3.1,8.48,2.13771045,0.001,-6.907755279,0.006330571,0.034,-3.381394754,0.157853434,2,91.724,282,2.098901099,12.80138429,sport,0.040104106,Clump,high
H42,4.1.1,8.65,2.157559321,0.001,-6.907755279,0.005900904,0.031,-3.473768074,0.135750532,4,106.604,222,2.69047619,14.85189591,sport,0.043468735,Clump,high
L81,3.4,8.93,2.189416395,0.002,-6.214608098,0.010542839,0.043,-3.146555163,0.171430999,3,26.279,92,1.967741935,5.332289157,sport,0.061499021,Clump,mid
M3,5,9,2.197224577,0.003,-5.80914299,0.015383003,0.031,-3.473768074,0.120779314,5,26.516,99,1.605263158,4.463836802,sport,0.127364546,Clump,mid
H147,4.2.2,9.05,2.202764758,0.002,-6.214608098,0.010056109,0.048,-3.036554268,0.183985595,4,106.604,222,2.69047619,14.85189591,sport,0.054657044,Clump,high
H123,4.2.2,9.07,2.204972264,0.001,-6.907755279,0.004988904,0.038,-3.270169119,0.144711094,4,106.604,222,2.69047619,14.85189591,sport,0.034474927,Clump,high
M7,5,9.14,2.212660385,0.002,-6.214608098,0.009709841,0.038,-3.270169119,0.141470342,5,26.516,99,1.605263158,4.463836802,sport,0.068635167,Clump,mid
L77,3.4,9.14,2.212660385,0.003,-5.80914299,0.014564761,0.034,-3.381394754,0.126578727,3,26.279,92,1.967741935,5.332289157,sport,0.115064839,Clump,mid
H31,4,9.17,2.215937286,0.001,-6.907755279,0.004798912,0.027,-3.611918413,0.09955269,4,106.604,222,2.69047619,14.85189591,sport,0.048204742,Clump,high
H220,4.2.1,9.18,2.217027205,0.002,-6.214608098,0.009560853,0.044,-3.123565645,0.161713932,4,106.604,222,2.69047619,14.85189591,sport,0.059122012,Clump,high
H129,4.2.2,9.27,2.22678338,0.002,-6.214608098,0.009236198,0.031,-3.473768074,0.110706749,4,106.604,222,2.69047619,14.85189591,sport,0.083429404,Clump,high
M4,5,9.35,2.235376343,0.003,-5.80914299,0.013439092,0.036,-3.324236341,0.125348977,5,26.516,99,1.605263158,4.463836802,sport,0.107213415,Clump,mid
H40,4.1.1,9.57,2.258633205,0.004,-5.521460918,0.016502259,0.051,-2.975929646,0.165818471,4,106.604,222,2.69047619,14.85189591,sport,0.099520029,Clump,high
M13,5,9.67,2.269028309,0.004,-5.521460918,0.01590587,0.04,-3.218875825,0.126131308,5,26.516,99,1.605263158,4.463836802,sport,0.126105646,Clump,mid
K62,1.3,9.73,2.275213896,0.002,-6.214608098,0.007780634,0.055,-2.900422094,0.17029879,1,25.697,116,2.135135135,9.707083333,sport,0.045688137,Clump,mid
K39,1.2,9.75,2.277267285,0.008,-4.828313737,0.030897065,0.08,-2.525728644,0.246213402,1,25.697,116,2.135135135,9.707083333,sport,0.125488965,Clump,mid
N19,2,9.77,2.279316466,0.003,-5.80914299,0.011502631,0.034,-3.381394754,0.104010895,2,91.724,282,2.098901099,12.80138429,sport,0.110590636,Clump,high
L1,3,9.79,2.281361457,0.004,-5.521460918,0.015226184,0.048,-3.036554268,0.145956932,3,26.279,92,1.967741935,5.332289157,sport,0.104319702,Clump,mid
N125,2.2.1,9.92,2.294552921,0.003,-5.80914299,0.010898482,0.061,-2.796881415,0.178416801,2,91.724,282,2.098901099,12.80138429,sport,0.061084392,Clump,high
L55,3.3,9.92,2.294552921,0.003,-5.80914299,0.010898482,0.055,-2.900422094,0.160867607,3,26.279,92,1.967741935,5.332289157,sport,0.067748144,Clump,mid
N196,2.3.3,9.95,2.297572551,0.005,-5.298317367,0.017970951,0.052,-2.95651156,0.150746017,2,91.724,282,2.098901099,12.80138429,sport,0.119213438,Clump,high
K101,1.4,10.07,2.309560707,0.005,-5.298317367,0.017224048,0.054,-2.918771232,0.151111751,1,25.697,116,2.135135135,9.707083333,sport,0.113982189,Clump,mid
N159,2.3.1,10.22,2.324346585,0.002,-6.214608098,0.006538181,0.054,-2.918771232,0.144670746,2,91.724,282,2.098901099,12.80138429,sport,0.045193527,Clump,high
N102,2.2.2,10.22,2.324346585,0.004,-5.521460918,0.013076363,0.074,-2.603690186,0.198252503,2,91.724,282,2.098901099,12.80138429,sport,0.065958121,Clump,high
K54,1,10.23,2.32532458,0.006,-5.11599581,0.019546734,0.056,-2.882403588,0.149597284,1,25.697,116,2.135135135,9.707083333,sport,0.130662362,Clump,mid
M64,5.2,10.25,2.327277706,0.005,-5.298317367,0.016176679,0.072,-2.63108916,0.19123584,5,26.516,99,1.605263158,4.463836802,sport,0.084590208,Clump,mid
K103,1.4,10.36,2.337952237,0.008,-4.828313737,0.024922619,0.069,-2.673648774,0.177594107,1,25.697,116,2.135135135,9.707083333,sport,0.140334718,Clump,mid
K81,1.4,10.42,2.343727036,0.005,-5.298317367,0.015261351,0.065,-2.733368009,0.164476689,1,25.697,116,2.135135135,9.707083333,sport,0.092787322,Clump,mid
N173,2.3.2,10.55,2.35612586,0.006,-5.11599581,0.017526971,0.069,-2.673648774,0.168335861,2,91.724,282,2.098901099,12.80138429,sport,0.104119058,Clump,high
K83,1.4,10.55,2.35612586,0.008,-4.828313737,0.023369295,0.064,-2.748872196,0.15613761,1,25.697,116,2.135135135,9.707083333,sport,0.149671146,Clump,mid
K23,1.1,10.58,2.358965426,0.006,-5.11599581,0.017351622,0.071,-2.645075402,0.171772197,1,25.697,116,2.135135135,9.707083333,sport,0.101015313,Clump,mid
L2,3,10.62,2.362739016,0.007,-4.96184513,0.019974858,0.055,-2.900422094,0.131591901,3,26.279,92,1.967741935,5.332289157,sport,0.151793979,Clump,mid
L43,3.3,10.64,2.364620484,0.005,-5.298317367,0.014173016,0.073,-2.617295838,0.173692923,3,26.279,92,1.967741935,5.332289157,sport,0.081598121,Clump,mid
L14,3.1,10.65,2.365559892,0.006,-5.11599581,0.016951138,0.045,-3.101092789,0.106775071,3,26.279,92,1.967741935,5.332289157,sport,0.158755582,Clump,mid
M51,5.1,10.66,2.366498419,0.007,-4.96184513,0.019710714,0.073,-2.617295838,0.172734638,5,26.516,99,1.605263158,4.463836802,sport,0.114109795,Clump,mid
M36,5.1,10.68,2.368372834,0.004,-5.521460918,0.011188755,0.07,-2.659260037,0.164723829,5,26.516,99,1.605263158,4.463836802,sport,0.067924326,Clump,mid
K45,1.2,10.79,2.378619779,0.011,-4.509860006,0.02967265,0.1,-2.302585093,0.228322191,1,25.697,116,2.135135135,9.707083333,sport,0.129959553,Clump,mid
K18,1.1,10.8,2.379546134,0.009,-4.710530702,0.024198117,0.096,-2.343407088,0.218591942,1,25.697,116,2.135135135,9.707083333,sport,0.11069995,Clump,mid
K20,1.1,10.81,2.380471632,0.008,-4.828313737,0.021439062,0.087,-2.44184716,0.197559563,1,25.697,116,2.135135135,9.707083333,sport,0.108519486,Clump,mid
M17,5.1,10.96,2.394252282,0.008,-4.828313737,0.020418009,0.08,-2.525728644,0.174436512,5,26.516,99,1.605263158,4.463836802,sport,0.117051236,Clump,mid
K49,1.2,11.04,2.401525041,0.01,-4.605170186,0.024873626,0.086,-2.453407983,0.183544282,1,25.697,116,2.135135135,9.707083333,sport,0.13551839,Clump,mid
M74,5.2,11.06,2.403334996,0.007,-4.96184513,0.017300303,0.157,-1.851509474,0.333293119,5,26.516,99,1.605263158,4.463836802,sport,0.051907172,Clump,mid
K56,1.3,11.15,2.411439498,0.01,-4.605170186,0.024015536,0.077,-2.563949857,0.159605651,1,25.697,116,2.135135135,9.707083333,sport,0.150467953,Clump,mid
H152,4.2.2,11.21,2.416806237,0.001,-6.907755279,0.002356346,0.072,-2.63108916,0.146900631,4,106.604,222,2.69047619,14.85189591,sport,0.016040409,Clump,high
H179,4.2.1,11.22,2.4176979,0.006,-5.11599581,0.014093509,0.077,-2.563949857,0.156689923,4,106.604,222,2.69047619,14.85189591,sport,0.089945214,Clump,high
K61,1.3,11.25,2.420368129,0.008,-4.828313737,0.018614505,0.103,-2.273026291,0.207955874,1,25.697,116,2.135135135,9.707083333,sport,0.089511801,Clump,mid
H142,4.2.2,11.31,2.42568729,0.005,-5.298317367,0.011416987,0.066,-2.718100537,0.131181442,4,106.604,222,2.69047619,14.85189591,sport,0.087032028,Clump,high
N123,2.2.1,11.39,2.432735777,0.004,-5.521460918,0.008908448,0.075,-2.590267165,0.146006326,2,91.724,282,2.098901099,12.80138429,sport,0.061014126,Clump,high
K87,1.4,11.39,2.432735777,0.013,-4.342805922,0.028952457,0.127,-2.063568193,0.247237378,1,25.697,116,2.135135135,9.707083333,sport,0.117103884,Clump,mid
M35,5.1,11.43,2.436241478,0.01,-4.605170186,0.021996363,0.098,-2.3227878,0.188821386,5,26.516,99,1.605263158,4.463836802,sport,0.116492965,Clump,mid
H174,4.2.1,11.48,2.440606391,0.004,-5.521460918,0.008663599,0.07,-2.659260037,0.133149192,4,106.604,222,2.69047619,14.85189591,sport,0.065066854,Clump,high
K64,1.3,11.48,2.440606391,0.018,-4.017383521,0.038986196,0.17,-1.771956842,0.323362325,1,25.697,116,2.135135135,9.707083333,sport,0.120565054,Clump,mid
K76,1.4,11.51,2.443216223,0.009,-4.710530702,0.019313784,0.092,-2.385966702,0.173655772,1,25.697,116,2.135135135,9.707083333,sport,0.111218785,Clump,mid
K66,1.3,11.55,2.446685437,0.012,-4.422848629,0.025437301,0.108,-2.225624052,0.201783908,1,25.697,116,2.135135135,9.707083333,sport,0.126062087,Clump,mid
L28,3.2,11.57,2.448415541,0.009,-4.710530702,0.018961455,0.083,-2.488914671,0.154286283,3,26.279,92,1.967741935,5.332289157,sport,0.122897869,Clump,mid
N3,2,11.59,2.450142657,0.006,-5.11599581,0.012563898,0.071,-2.645075402,0.131310013,2,91.724,282,2.098901099,12.80138429,sport,0.095681184,Clump,high
K46,1.2,11.6,2.451005098,0.009,-4.710530702,0.018788381,0.082,-2.501036032,0.151268993,1,25.697,116,2.135135135,9.707083333,sport,0.124205102,Clump,mid
K11,1.1,11.61,2.451866796,0.009,-4.710530702,0.01873114,0.084,-2.47693848,0.154565608,1,25.697,116,2.135135135,9.707083333,sport,0.121185689,Clump,mid
N58,2.1,11.63,2.453587967,0.004,-5.521460918,0.008274367,0.065,-2.733368009,0.118999412,2,91.724,282,2.098901099,12.80138429,sport,0.069532843,Clump,high
H114,4.1.1,11.65,2.45530618,0.009,-4.710530702,0.018504399,0.106,-2.244316185,0.193080755,4,106.604,222,2.69047619,14.85189591,sport,0.095837616,Clump,high
H113,4.1.1,11.72,2.461296784,0.004,-5.521460918,0.008051558,0.075,-2.590267165,0.134223889,4,106.604,222,2.69047619,14.85189591,sport,0.059986025,Clump,high
K59,1.3,11.72,2.461296784,0.004,-5.521460918,0.008051558,0.073,-2.617295838,0.130644585,1,25.697,116,2.135135135,9.707083333,sport,0.061629477,Clump,mid
K6,1.1,11.74,2.463001814,0.009,-4.710530702,0.018006958,0.089,-2.419118909,0.15848096,1,25.697,116,2.135135135,9.707083333,sport,0.11362222,Clump,mid
N33,2,11.76,2.464703942,0.008,-4.828313737,0.015910002,0.108,-2.225624052,0.191352035,2,91.724,282,2.098901099,12.80138429,sport,0.083145195,Clump,high
K37,1.2,11.85,2.472327868,0.015,-4.199705078,0.029036694,0.101,-2.292634762,0.174975165,1,25.697,116,2.135135135,9.707083333,sport,0.165947514,Clump,mid
M62,5.2,11.87,2.474014209,0.012,-4.422848629,0.023091058,0.1,-2.302585093,0.172384209,5,26.516,99,1.605263158,4.463836802,sport,0.133951121,Clump,mid
N190,2.3.3,11.88,2.474856314,0.005,-5.298317367,0.009592627,0.088,-2.430418465,0.151322232,2,91.724,282,2.098901099,12.80138429,sport,0.063392055,Clump,high
M59,5.2,11.95,2.480731278,0.007,-4.96184513,0.013153183,0.097,-2.3330443,0.163936321,5,26.516,99,1.605263158,4.463836802,sport,0.08023349,Clump,mid
K99,1.4,11.96,2.481567749,0.012,-4.422848629,0.022481626,0.14,-1.966112856,0.236026779,1,25.697,116,2.135135135,9.707083333,sport,0.09525032,Clump,mid
K90,1.4,11.97,2.48240352,0.014,-4.268697949,0.026151056,0.128,-2.055725015,0.215265237,1,25.697,116,2.135135135,9.707083333,sport,0.12148295,Clump,mid
H158,4.2.2,12.03,2.48740353,0.004,-5.521460918,0.007340607,0.099,-2.312635429,0.164059716,4,106.604,222,2.69047619,14.85189591,sport,0.044743508,Clump,high
K72,1.4,12.05,2.48906466,0.005,-5.298317367,0.009121945,0.087,-2.44184716,0.143469872,1,25.697,116,2.135135135,9.707083333,sport,0.06358091,Clump,mid
L51,3.3,12.1,2.493205453,0.012,-4.422848629,0.021574008,0.105,-2.253794929,0.171053867,3,26.279,92,1.967741935,5.332289157,sport,0.126124058,Clump,mid
K14,1.1,12.13,2.495681723,0.014,-4.268697949,0.024949941,0.125,-2.079441542,0.202155421,1,25.697,116,2.135135135,9.707083333,sport,0.123419599,Clump,mid
N31,2,12.16,2.498151877,0.003,-5.80914299,0.005299856,0.087,-2.44184716,0.139680004,2,91.724,282,2.098901099,12.80138429,sport,0.037942838,Clump,high
H219,4.2.1,12.16,2.498151877,0.003,-5.80914299,0.005299856,0.079,-2.538307427,0.126835866,4,106.604,222,2.69047619,14.85189591,sport,0.04178515,Clump,high
N119,2.2.1,12.16,2.498151877,0.007,-4.96184513,0.01236633,0.114,-2.171556831,0.183028971,2,91.724,282,2.098901099,12.80138429,sport,0.067564878,Clump,high
M58,5.2,12.2,2.501435952,0.008,-4.828313737,0.01396955,0.102,-2.282782466,0.162186017,5,26.516,99,1.605263158,4.463836802,sport,0.086132886,Clump,mid
K50,1.2,12.29,2.508785924,0.012,-4.422848629,0.020415998,0.104,-2.26336438,0.161823948,1,25.697,116,2.135135135,9.707083333,sport,0.126161784,Clump,mid
M61,5.2,12.34,2.512846018,0.012,-4.422848629,0.020124581,0.107,-2.234926445,0.164512392,5,26.516,99,1.605263158,4.463836802,sport,0.122328664,Clump,mid
M18,5.1,12.36,2.514465452,0.005,-5.298317367,0.008337295,0.093,-2.375155786,0.142306859,5,26.516,99,1.605263158,4.463836802,sport,0.058586742,Clump,mid
K5,1.1,12.39,2.516889696,0.012,-4.422848629,0.019838477,0.129,-2.047942875,0.195988659,1,25.697,116,2.135135135,9.707083333,sport,0.101222578,Clump,mid
N200,2.3.3,12.55,2.529720666,0.008,-4.828313737,0.012638197,0.124,-2.087473713,0.181403878,2,91.724,282,2.098901099,12.80138429,sport,0.069668838,Clump,high
M44,5.1,12.58,2.532108251,0.013,-4.342805922,0.020364173,0.119,-2.128631786,0.172868989,5,26.516,99,1.605263158,4.463836802,sport,0.117801194,Clump,mid
M68,5.2,12.59,2.532902848,0.012,-4.422848629,0.018744882,0.131,-2.032557956,0.189856204,5,26.516,99,1.605263158,4.463836802,sport,0.098731998,Clump,mid
L49,3.3,12.61,2.53449015,0.012,-4.422848629,0.01863982,0.115,-2.162823151,0.16589011,3,26.279,92,1.967741935,5.332289157,sport,0.112362453,Clump,mid
M40,5.1,12.66,2.538447417,0.018,-4.017383521,0.027570671,0.117,-2.145581344,0.166818981,5,26.516,99,1.605263158,4.463836802,sport,0.165272985,Clump,mid
N4,2,12.67,2.539236994,0.012,-4.422848629,0.018329129,0.131,-2.032557956,0.186346263,2,91.724,282,2.098901099,12.80138429,sport,0.098360595,Clump,high
K57,1.3,12.68,2.540025949,0.011,-4.509860006,0.016754829,0.113,-2.18036746,0.160368262,1,25.697,116,2.135135135,9.707083333,sport,0.104477211,Clump,mid
K69,1.4,12.69,2.540814282,0.016,-4.135166557,0.024302724,0.121,-2.111964733,0.171323418,1,25.697,116,2.135135135,9.707083333,sport,0.141852904,Clump,mid
L53,3.3,12.73,2.543961413,0.016,-4.135166557,0.024033399,0.134,-2.009915479,0.187979124,3,26.279,92,1.967741935,5.332289157,sport,0.127851423,Clump,mid
L62,3.4,12.76,2.546315278,0.008,-4.828313737,0.011916956,0.088,-2.430418465,0.122595883,3,26.279,92,1.967741935,5.332289157,sport,0.097205189,Clump,mid
H173,4.2.1,12.78,2.547881449,0.004,-5.521460918,0.005925525,0.084,-2.47693848,0.116484648,4,106.604,222,2.69047619,14.85189591,sport,0.050869578,Clump,high
K13,1.1,12.79,2.548663616,0.016,-4.135166557,0.023636543,0.121,-2.111964733,0.167407166,1,25.697,116,2.135135135,9.707083333,sport,0.141191945,Clump,mid
H121,4.2.2,12.81,2.550226116,0.005,-5.298317367,0.007345665,0.089,-2.419118909,0.122568697,4,106.604,222,2.69047619,14.85189591,sport,0.059931003,Clump,high
H175,4.2.1,12.82,2.551006451,0.007,-4.96184513,0.010255554,0.073,-2.617295838,0.100303026,4,106.604,222,2.69047619,14.85189591,sport,0.102245708,Clump,high
K68,1.4,12.82,2.551006451,0.011,-4.509860006,0.016115871,0.103,-2.273026291,0.141523448,1,25.697,116,2.135135135,9.707083333,sport,0.113874208,Clump,mid
H26,4,12.85,2.553343811,0.01,-4.605170186,0.014530033,0.114,-2.171556831,0.155562723,4,106.604,222,2.69047619,14.85189591,sport,0.093403053,Clump,high
K60,1.3,12.87,2.554899022,0.005,-5.298317367,0.007225118,0.112,-2.189256408,0.152134924,1,25.697,116,2.135135135,9.707083333,sport,0.047491516,Clump,mid
K7,1.1,12.88,2.555675721,0.015,-4.199705078,0.021615823,0.118,-2.137070655,0.159918672,1,25.697,116,2.135135135,9.707083333,sport,0.135167598,Clump,mid
M79,5.2,12.96,2.561867691,0.01,-4.605170186,0.014098025,0.112,-2.189256408,0.149043482,5,26.516,99,1.605263158,4.463836802,sport,0.094590013,Clump,mid
H41,4.1.1,12.97,2.562638998,0.009,-4.710530702,0.012653616,0.132,-2.024953356,0.175259699,4,106.604,222,2.69047619,14.85189591,sport,0.072199232,Clump,high
K19,1.1,12.99,2.564179831,0.016,-4.135166557,0.022372914,0.128,-2.055725015,0.1691791,1,25.697,116,2.135135135,9.707083333,sport,0.132243962,Clump,mid
L72,3.4,13.02,2.566486637,0.011,-4.509860006,0.015256249,0.147,-1.917322692,0.192975722,3,26.279,92,1.967741935,5.332289157,sport,0.079057868,Clump,mid
H200,4.2.1,13.03,2.567254391,0.009,-4.710530702,0.012448497,0.103,-2.273026291,0.134908799,4,106.604,222,2.69047619,14.85189591,sport,0.092273425,Clump,high
N82,2.1.2?,13.05,2.568788134,0.003,-5.80914299,0.004127024,0.096,-2.343407088,0.125173376,2,91.724,282,2.098901099,12.80138429,sport,0.032970463,Clump,high
H47,4.1.1,13.06,2.569554124,0.009,-4.710530702,0.012347536,0.125,-2.079441542,0.162618785,4,106.604,222,2.69047619,14.85189591,sport,0.075929334,Clump,high
N92,2,13.09,2.57184858,0.013,-4.342805922,0.017691011,0.118,-2.137070655,0.152477972,2,91.724,282,2.098901099,12.80138429,sport,0.116023387,Clump,high
H221,4.2.1,13.1,2.57261223,0.016,-4.135166557,0.021714754,0.144,-1.937941979,0.185656669,4,106.604,222,2.69047619,14.85189591,sport,0.116961883,Clump,high
H157,4.2.2,13.15,2.576421759,0.015,-4.199705078,0.020084811,0.172,-1.760260802,0.219281745,4,106.604,222,2.69047619,14.85189591,sport,0.09159363,Clump,high
N39,2.1.1,13.23,2.582486978,0.014,-4.268697949,0.018347513,0.14,-1.966112856,0.175324268,2,91.724,282,2.098901099,12.80138429,sport,0.104649023,Clump,high
M21,5.1,13.23,2.582486978,0.011,-4.509860006,0.014415903,0.09,-2.407945609,0.112708458,5,26.516,99,1.605263158,4.463836802,sport,0.127904361,Clump,mid
K16,1.1,13.25,2.583997552,0.006,-5.11599581,0.007821272,0.092,-2.385966702,0.114701514,1,25.697,116,2.135135135,9.707083333,sport,0.068188048,Clump,mid
H177,4.2.1,13.25,2.583997552,0.01,-4.605170186,0.013035454,0.139,-1.973281346,0.173299026,4,106.604,222,2.69047619,14.85189591,sport,0.07521943,Clump,high
H163,4.2.2,13.26,2.584751985,0.015,-4.199705078,0.019501015,0.167,-1.789761467,0.207745942,4,106.604,222,2.69047619,14.85189591,sport,0.093869537,Clump,high
N186,2.3.3,13.34,2.59076704,0.009,-4.710530702,0.01145403,0.117,-2.145581344,0.142990139,2,91.724,282,2.098901099,12.80138429,sport,0.080103633,Clump,high
N16,2,13.34,2.59076704,0.012,-4.422848629,0.015272039,0.136,-1.995100393,0.166210759,2,91.724,282,2.098901099,12.80138429,sport,0.091883579,Clump,high
L75,3.4,13.34,2.59076704,0.014,-4.268697949,0.017817379,0.125,-2.079441542,0.152767242,3,26.279,92,1.967741935,5.332289157,sport,0.116630889,Clump,mid
M81,5.2,13.38,2.593761055,0.013,-4.342805922,0.016370232,0.162,-1.820158944,0.196247713,5,26.516,99,1.605263158,4.463836802,sport,0.083416168,Clump,mid
N124,2.2.1,13.4,2.595254707,0.011,-4.509860006,0.013778666,0.132,-2.024953356,0.159203457,2,91.724,282,2.098901099,12.80138429,sport,0.086547531,Clump,high
M26,5.1,13.4,2.595254707,0.015,-4.199705078,0.01878909,0.126,-2.071473372,0.151966936,5,26.516,99,1.605263158,4.463836802,sport,0.12363933,Clump,mid
N141,2.2.1,13.42,2.596746132,0.009,-4.710530702,0.011214074,0.141,-1.958995389,0.169312686,2,91.724,282,2.098901099,12.80138429,sport,0.066232925,Clump,high
H38,4.1.1,13.42,2.596746132,0.01,-4.605170186,0.012460083,0.128,-2.055725015,0.153702297,4,106.604,222,2.69047619,14.85189591,sport,0.08106634,Clump,high
H217,4.2.1,13.42,2.596746132,0.016,-4.135166557,0.019936132,0.151,-1.890475442,0.181320678,4,106.604,222,2.69047619,14.85189591,sport,0.109949579,Clump,high
H205,4.2.1,13.44,2.598235335,0.011,-4.509860006,0.013634005,0.149,-1.903808973,0.178135847,4,106.604,222,2.69047619,14.85189591,sport,0.076537123,Clump,high
H225,4.2.1,13.44,2.598235335,0.011,-4.509860006,0.013634005,0.134,-2.009915479,0.160202708,4,106.604,222,2.69047619,14.85189591,sport,0.085104712,Clump,high
L58,3.3,13.46,2.599722324,0.009,-4.710530702,0.011096513,0.094,-2.364460497,0.111889776,3,26.279,92,1.967741935,5.332289157,sport,0.099173611,Clump,mid
H112,4.1.1,13.49,2.60194867,0.015,-4.199705078,0.018348963,0.14,-1.966112856,0.165554935,4,106.604,222,2.69047619,14.85189591,sport,0.110833079,Clump,high
H48,4.1.1,13.5,2.602689685,0.015,-4.199705078,0.01830088,0.154,-1.870802677,0.181713309,4,106.604,222,2.69047619,14.85189591,sport,0.10071293,Clump,high
M83,5.2,13.5,2.602689685,0.018,-4.017383521,0.021961056,0.173,-1.754463684,0.204132484,5,26.516,99,1.605263158,4.463836802,sport,0.107582366,Clump,mid
L21,3,13.51,2.603430152,0.012,-4.422848629,0.014602366,0.132,-2.024953356,0.155414871,3,26.279,92,1.967741935,5.332289157,sport,0.09395733,Clump,mid
H197,4.2.1,13.57,2.607861474,0.004,-5.521460918,0.004791675,0.091,-2.396895772,0.105752456,4,106.604,222,2.69047619,14.85189591,sport,0.045310293,Clump,high
H207,4.2.1,13.57,2.607861474,0.018,-4.017383521,0.021562536,0.158,-1.845160246,0.183614154,4,106.604,222,2.69047619,14.85189591,sport,0.117433956,Clump,high
H83,4.1.2,13.59,2.609334228,0.013,-4.342805922,0.015491941,0.153,-1.877317358,0.177033808,4,106.604,222,2.69047619,14.85189591,sport,0.087508377,Clump,high
L54,3.3,13.59,2.609334228,0.014,-4.268697949,0.016683629,0.15,-1.897119985,0.173562557,3,26.279,92,1.967741935,5.332289157,sport,0.096124586,Clump,mid
M57,5.2,13.59,2.609334228,0.015,-4.199705078,0.017875317,0.15,-1.897119985,0.173562557,5,26.516,99,1.605263158,4.463836802,sport,0.102990628,Clump,mid
H106,4.1.1,13.6,2.610069793,0.01,-4.605170186,0.011885879,0.128,-2.055725015,0.147786119,4,106.604,222,2.69047619,14.85189591,sport,0.080426221,Clump,high
L73,3.4,13.63,2.612273246,0.011,-4.509860006,0.012972851,0.131,-2.032557956,0.150271217,3,26.279,92,1.967741935,5.332289157,sport,0.086329582,Clump,mid
N13,2,13.64,2.613006652,0.011,-4.509860006,0.012939205,0.122,-2.103734234,0.139645194,2,91.724,282,2.098901099,12.80138429,sport,0.092657715,Clump,high
N54,2.1.1,13.65,2.613739522,0.014,-4.268697949,0.016425398,0.159,-1.838851077,0.181604093,2,91.724,282,2.098901099,12.80138429,sport,0.090446188,Clump,high
M50,5.1,13.68,2.615934912,0.016,-4.135166557,0.018626519,0.128,-2.055725015,0.14525451,5,26.516,99,1.605263158,4.463836802,sport,0.128233669,Clump,mid
K78,1.4,13.7,2.617395833,0.025,-3.688879454,0.028953766,0.171,-1.766091722,0.193217571,1,25.697,116,2.135135135,9.707083333,sport,0.149850586,Clump,mid
N32,2,13.71,2.618125494,0.011,-4.509860006,0.012706784,0.144,-1.937941979,0.162360152,2,91.724,282,2.098901099,12.80138429,sport,0.078262946,Clump,high
N118,2.2.1,13.74,2.620311287,0.01,-4.605170186,0.011462558,0.122,-2.103734234,0.136672209,2,91.724,282,2.098901099,12.80138429,sport,0.083868977,Clump,high
L16,3.1,13.75,2.621038824,0.017,-4.074541935,0.019436213,0.177,-1.731605546,0.197862192,3,26.279,92,1.967741935,5.332289157,sport,0.098231061,Clump,mid
M73,5.2,13.75,2.621038824,0.017,-4.074541935,0.019436213,0.087,-2.44184716,0.097254298,5,26.516,99,1.605263158,4.463836802,sport,0.199849399,Clump,mid
N158,2.3.1,13.79,2.623943692,0.016,-4.135166557,0.018105707,0.164,-1.807888851,0.181767745,2,91.724,282,2.098901099,12.80138429,sport,0.099609023,Clump,high
K22,1.1,13.8,2.624668592,0.02,-3.912023005,0.022574115,0.181,-1.709258248,0.200181567,1,25.697,116,2.135135135,9.707083333,sport,0.1127682,Clump,mid
K47,1.2,13.82,2.626116818,0.017,-4.074541935,0.01908985,0.133,-2.017406151,0.146468504,1,25.697,116,2.135135135,9.707083333,sport,0.130334166,Clump,mid
N93,2.2,13.83,2.626840146,0.012,-4.422848629,0.013440719,0.158,-1.845160246,0.173629791,2,91.724,282,2.098901099,12.80138429,sport,0.07741021,Clump,high
H76,4.1.2,13.83,2.626840146,0.014,-4.268697949,0.015680838,0.15,-1.897119985,0.16483841,4,106.604,222,2.69047619,14.85189591,sport,0.095128547,Clump,high
N61,2.1.1?,13.83,2.626840146,0.014,-4.268697949,0.015680838,0.143,-1.944910649,0.15714595,2,91.724,282,2.098901099,12.80138429,sport,0.099785189,Clump,high
K27,1.2,13.84,2.62756295,0.02,-3.912023005,0.022343936,0.148,-1.910543005,0.162294609,1,25.697,116,2.135135135,9.707083333,sport,0.13767516,Clump,mid
K74,1.4,13.85,2.628285233,0.016,-4.135166557,0.01782949,0.15,-1.897119985,0.164138147,1,25.697,116,2.135135135,9.707083333,sport,0.108624901,Clump,mid
H63,4.1.1,13.86,2.629006994,0.009,-4.710530702,0.010003489,0.134,-2.009915479,0.146318628,4,106.604,222,2.69047619,14.85189591,sport,0.068367842,Clump,high
H119,4.2.2,13.89,2.631169157,0.01,-4.605170186,0.011030214,0.114,-2.171556831,0.123689643,4,106.604,222,2.69047619,14.85189591,sport,0.089176535,Clump,high
K32,1.2,13.91,2.632608006,0.023,-3.772261063,0.025240564,0.173,-1.754463684,0.186910491,1,25.697,116,2.135135135,9.707083333,sport,0.135040916,Clump,mid
N134,2.2.1,13.92,2.633326655,0.017,-4.074541935,0.018608654,0.196,-1.62964062,0.211312011,2,91.724,282,2.098901099,12.80138429,sport,0.088062455,Clump,high
N80,2.1.2?,13.92,2.633326655,0.017,-4.074541935,0.018608654,0.171,-1.766091722,0.184358948,2,91.724,282,2.098901099,12.80138429,sport,0.100937083,Clump,high
N136,2.2.1,13.92,2.633326655,0.017,-4.074541935,0.018608654,0.142,-1.951928221,0.153093396,2,91.724,282,2.098901099,12.80138429,sport,0.121550994,Clump,high
H193,4.2.1,13.93,2.634044788,0.007,-4.96184513,0.007642927,0.129,-2.047942875,0.138783879,4,106.604,222,2.69047619,14.85189591,sport,0.055070713,Clump,high
H165,4.2.1,13.94,2.634762405,0.01,-4.605170186,0.010890758,0.137,-1.987774353,0.147079361,4,106.604,222,2.69047619,14.85189591,sport,0.074046812,Clump,high
N142,2.2.1,13.94,2.634762405,0.017,-4.074541935,0.018514288,0.176,-1.737271284,0.188948668,2,91.724,282,2.098901099,12.80138429,sport,0.09798581,Clump,high
L47,3.3,13.99,2.638342789,0.01,-4.605170186,0.010753555,0.124,-2.087473713,0.13172615,3,26.279,92,1.967741935,5.332289157,sport,0.081635688,Clump,mid
H108,4.1.1,14,2.63905733,0.012,-4.422848629,0.012871657,0.155,-1.864330162,0.164311441,4,106.604,222,2.69047619,14.85189591,sport,0.078336948,Clump,high
L42,3.3,14.04,2.641910399,0.021,-3.863232841,0.022298977,0.216,-1.532476871,0.227059434,3,26.279,92,1.967741935,5.332289157,sport,0.098207668,Clump,mid
N203,2.3.1,14.05,2.642622396,0.018,-4.017383521,0.019065282,0.219,-1.518683549,0.229730661,2,91.724,282,2.098901099,12.80138429,sport,0.082989713,Clump,high
K12,1.1,14.05,2.642622396,0.02,-3.912023005,0.021183646,0.14,-1.966112856,0.146859783,1,25.697,116,2.135135135,9.707083333,sport,0.144244024,Clump,mid
N86,2.1.2?,14.08,2.644755351,0.015,-4.199705078,0.01576819,0.177,-1.731605546,0.184509675,2,91.724,282,2.098901099,12.80138429,sport,0.085459962,Clump,high
N67,2.1.1?,14.08,2.644755351,0.016,-4.135166557,0.016819403,0.153,-1.877317358,0.159491414,2,91.724,282,2.098901099,12.80138429,sport,0.105456476,Clump,high
H176,4.2.1,14.08,2.644755351,0.015,-4.199705078,0.01576819,0.139,-1.973281346,0.144897429,4,106.604,222,2.69047619,14.85189591,sport,0.108823117,Clump,high
M41,5.1,14.09,2.645465326,0.017,-4.074541935,0.017825744,0.161,-1.826350914,0.167480169,5,26.516,99,1.605263158,4.463836802,sport,0.106434957,Clump,mid
H164,4.2.2,14.1,2.646174797,0.021,-3.863232841,0.021964787,0.164,-1.807888851,0.170244716,4,106.604,222,2.69047619,14.85189591,sport,0.129018907,Clump,high
N132,2.2.1,14.11,2.646883766,0.008,-4.828313737,0.008346558,0.148,-1.910543005,0.153314924,2,91.724,282,2.098901099,12.80138429,sport,0.05444061,Clump,high
H208,4.2.1,14.11,2.646883766,0.009,-4.710530702,0.009389878,0.115,-2.162823151,0.11912984,4,106.604,222,2.69047619,14.85189591,sport,0.078820535,Clump,high
H170,4.2.1,14.12,2.647592232,0.008,-4.828313737,0.008325645,0.129,-2.047942875,0.133353983,4,106.604,222,2.69047619,14.85189591,sport,0.062432671,Clump,high
H79,4.1.2,14.13,2.648300197,0.012,-4.422848629,0.0124572,0.19,-1.660731207,0.196003619,4,106.604,222,2.69047619,14.85189591,sport,0.063555969,Clump,high
N114,2.2.1,14.14,2.64900766,0.012,-4.422848629,0.012426032,0.149,-1.903808973,0.153388079,2,91.724,282,2.098901099,12.80138429,sport,0.081010416,Clump,high
H50,4.1.1,14.16,2.650421088,0.011,-4.509860006,0.011333663,0.184,-1.692819521,0.188631743,4,106.604,222,2.69047619,14.85189591,sport,0.06008354,Clump,high
K100,1.4,14.16,2.650421088,0.014,-4.268697949,0.014424662,0.156,-1.857899272,0.159926913,1,25.697,116,2.135135135,9.707083333,sport,0.090195337,Clump,mid
N135,2.2.1,14.16,2.650421088,0.024,-3.729701449,0.024727992,0.263,-1.335601247,0.269620372,2,91.724,282,2.098901099,12.80138429,sport,0.091714107,Clump,high
N81,2.1.2?,14.17,2.651127054,0.017,-4.074541935,0.017471929,0.172,-1.760260802,0.175963328,2,91.724,282,2.098901099,12.80138429,sport,0.099293015,Clump,high
M9,5,14.18,2.651832521,0.013,-4.342805922,0.013327552,0.15,-1.897119985,0.153137792,5,26.516,99,1.605263158,4.463836802,sport,0.087029807,Clump,mid
L13,3.1,14.18,2.651832521,0.02,-3.912023005,0.020503927,0.17,-1.771956842,0.173556165,3,26.279,92,1.967741935,5.332289157,sport,0.118140009,Clump,mid
H77,4.1.2,14.21,2.653945942,0.016,-4.135166557,0.016280845,0.145,-1.931021537,0.147114387,4,106.604,222,2.69047619,14.85189591,sport,0.11066793,Clump,high
L70,3.4,14.22,2.654649424,0.014,-4.268697949,0.014210297,0.148,-1.910543005,0.149847259,3,26.279,92,1.967741935,5.332289157,sport,0.094831876,Clump,mid
H53,4.1.1,14.26,2.657458415,0.015,-4.199705078,0.015074628,0.195,-1.63475572,0.195806808,4,106.604,222,2.69047619,14.85189591,sport,0.076987251,Clump,high
L36,3.3,14.26,2.657458415,0.016,-4.135166557,0.016079603,0.179,-1.720369473,0.179740609,3,26.279,92,1.967741935,5.332289157,sport,0.089460046,Clump,mid
H24,4,14.27,2.658159431,0.012,-4.422848629,0.012029804,0.137,-1.987774353,0.137283025,4,106.604,222,2.69047619,14.85189591,sport,0.087627758,Clump,high
N6,2,14.31,2.660958594,0.007,-4.96184513,0.006948174,0.129,-2.047942875,0.128204907,2,91.724,282,2.098901099,12.80138429,sport,0.05419585,Clump,high
K43,1.2,14.31,2.660958594,0.015,-4.199705078,0.014888944,0.146,-1.924148657,0.145100127,1,25.697,116,2.135135135,9.707083333,sport,0.102611516,Clump,mid
K41,1.2,14.33,2.662355242,0.025,-3.688879454,0.024692487,0.125,-2.079441542,0.123719466,1,25.697,116,2.135135135,9.707083333,sport,0.199584493,Clump,mid
N49,2.1.1,14.34,2.663052835,0.011,-4.509860006,0.01083789,0.167,-1.789761467,0.164949867,2,91.724,282,2.098901099,12.80138429,sport,0.065704143,Clump,high
M91,5.2,14.34,2.663052835,0.015,-4.199705078,0.01477894,0.161,-1.826350914,0.159023525,5,26.516,99,1.605263158,4.463836802,sport,0.09293556,Clump,mid
K71,1.4,14.34,2.663052835,0.015,-4.199705078,0.01477894,0.138,-1.980501594,0.136305878,1,25.697,116,2.135135135,9.707083333,sport,0.10842482,Clump,mid
L79,3.4,14.36,2.664446564,0.017,-4.074541935,0.016667008,0.179,-1.720369473,0.176078103,3,26.279,92,1.967741935,5.332289157,sport,0.094656901,Clump,mid
H216,4.2.1,14.39,2.666533521,0.015,-4.199705078,0.014597906,0.182,-1.703748592,0.177931807,4,106.604,222,2.69047619,14.85189591,sport,0.08204214,Clump,high
L10,3.1,14.39,2.666533521,0.024,-3.729701449,0.02335665,0.169,-1.777856564,0.165222392,3,26.279,92,1.967741935,5.332289157,sport,0.141364919,Clump,mid
H181,4.2.1,14.4,2.667228207,0.016,-4.135166557,0.015532844,0.17,-1.771956842,0.165860251,4,106.604,222,2.69047619,14.85189591,sport,0.09365019,Clump,high
H86,4.1.2,14.4,2.667228207,0.013,-4.342805922,0.012620436,0.138,-1.980501594,0.134639498,4,106.604,222,2.69047619,14.85189591,sport,0.093735018,Clump,high
H62,4.1.1,14.41,2.66792241,0.02,-3.912023005,0.019368386,0.182,-1.703748592,0.177205256,4,106.604,222,2.69047619,14.85189591,sport,0.10929916,Clump,high
H115,4.2,14.45,2.670694415,0.013,-4.342805922,0.012466481,0.154,-1.870802677,0.148723413,4,106.604,222,2.69047619,14.85189591,sport,0.08382326,Clump,high
N185,2.3.3,14.46,2.671386217,0.013,-4.342805922,0.01243598,0.162,-1.820158944,0.156130778,2,91.724,282,2.098901099,12.80138429,sport,0.079651047,Clump,high
N68,2.1.1?,14.47,2.672077541,0.02,-3.912023005,0.019085499,0.203,-1.5945493,0.195247303,2,91.724,282,2.098901099,12.80138429,sport,0.097750382,Clump,high
N5,2,14.48,2.672768387,0.007,-4.96184513,0.006663603,0.136,-1.995100393,0.130540125,2,91.724,282,2.098901099,12.80138429,sport,0.0510464,Clump,high
H136,4.2.2,14.48,2.672768387,0.011,-4.509860006,0.010471377,0.162,-1.820158944,0.155496325,4,106.604,222,2.69047619,14.85189591,sport,0.067341636,Clump,high
L65,3.4,14.49,2.673458756,0.013,-4.342805922,0.012345048,0.161,-1.826350914,0.15422249,3,26.279,92,1.967741935,5.332289157,sport,0.080047002,Clump,mid
N184,2.3.3,14.49,2.673458756,0.018,-4.017383521,0.017093143,0.162,-1.820158944,0.155180394,2,91.724,282,2.098901099,12.80138429,sport,0.110150148,Clump,high
N121,2.2.1,14.5,2.674148649,0.012,-4.422848629,0.011367625,0.139,-1.973281346,0.13287827,2,91.724,282,2.098901099,12.80138429,sport,0.085549164,Clump,high
N65,2.1.1?,14.51,2.674838067,0.018,-4.017383521,0.017009862,0.201,-1.604450371,0.191757853,2,91.724,282,2.098901099,12.80138429,sport,0.088704902,Clump,high
K58,1.3,14.52,2.675527009,0.016,-4.135166557,0.015083036,0.145,-1.931021537,0.138052301,1,25.697,116,2.135135135,9.707083333,sport,0.109255957,Clump,mid
K91,1.4,14.54,2.676903472,0.013,-4.342805922,0.012195381,0.118,-2.137070655,0.111891363,1,25.697,116,2.135135135,9.707083333,sport,0.10899305,Clump,mid
N87,2.1.2?,14.54,2.676903472,0.021,-3.863232841,0.019700231,0.183,-1.698269126,0.173526436,2,91.724,282,2.098901099,12.80138429,sport,0.1135287,Clump,high
L44,3.3,14.55,2.677590994,0.021,-3.863232841,0.019652329,0.189,-1.666008264,0.178853204,3,26.279,92,1.967741935,5.332289157,sport,0.109879656,Clump,mid
N101,2.2.2,14.55,2.677590994,0.023,-3.772261063,0.021523979,0.174,-1.74869998,0.164658505,2,91.724,282,2.098901099,12.80138429,sport,0.130718902,Clump,high
L76,3.4,14.56,2.678278043,0.017,-4.074541935,0.015870371,0.196,-1.62964062,0.185102362,3,26.279,92,1.967741935,5.332289157,sport,0.085738349,Clump,mid
H101,4.1.1,14.56,2.678278043,0.021,-3.863232841,0.019604576,0.215,-1.537117251,0.203045958,4,106.604,222,2.69047619,14.85189591,sport,0.096552406,Clump,high
H137,4.2.2,14.59,2.680336363,0.015,-4.199705078,0.013901576,0.162,-1.820158944,0.152067856,4,106.604,222,2.69047619,14.85189591,sport,0.091416929,Clump,high
M89,5.2,14.59,2.680336363,0.018,-4.017383521,0.016681892,0.159,-1.838851077,0.149251785,5,26.516,99,1.605263158,4.463836802,sport,0.111770132,Clump,mid
K31,1.2,14.6,2.681021529,0.022,-3.816712826,0.020339572,0.173,-1.754463684,0.162065991,1,25.697,116,2.135135135,9.707083333,sport,0.125501788,Clump,mid
L48,3.3,14.61,2.681706226,0.02,-3.912023005,0.018445743,0.165,-1.801809805,0.154260135,3,26.279,92,1.967741935,5.332289157,sport,0.119575569,Clump,mid
M47,5.1,14.66,2.685122696,0.021,-3.863232841,0.019135133,0.176,-1.737271284,0.162896326,5,26.516,99,1.605263158,4.463836802,sport,0.117468169,Clump,mid
N154,2.3.1,14.68,2.686486023,0.016,-4.135166557,0.014508937,0.208,-1.570217199,0.191742186,2,91.724,282,2.098901099,12.80138429,sport,0.075668988,Clump,high
H23,4,14.69,2.68716699,0.009,-4.710530702,0.008141622,0.104,-2.26336438,0.095678956,4,106.604,222,2.69047619,14.85189591,sport,0.085093127,Clump,high
H144,4.2.2,14.69,2.68716699,0.016,-4.135166557,0.014473994,0.18,-1.714798428,0.165598193,4,106.604,222,2.69047619,14.85189591,sport,0.087404299,Clump,high
M10,5,14.69,2.68716699,0.023,-3.772261063,0.020806366,0.198,-1.619488248,0.182158012,5,26.516,99,1.605263158,4.463836802,sport,0.114221527,Clump,mid
H88,4.1.1,14.72,2.689207113,0.012,-4.422848629,0.010777357,0.166,-1.795767491,0.151803218,4,106.604,222,2.69047619,14.85189591,sport,0.070995577,Clump,high
L40,3.3,14.72,2.689207113,0.012,-4.422848629,0.010777357,0.154,-1.870802677,0.140829492,3,26.279,92,1.967741935,5.332289157,sport,0.0765277,Clump,mid
M34,5.1,14.73,2.68988623,0.023,-3.772261063,0.020606987,0.216,-1.532476871,0.197132286,5,26.516,99,1.605263158,4.463836802,sport,0.104533799,Clump,mid
H82,4.1.2,14.78,2.693274916,0.012,-4.422848629,0.010623232,0.164,-1.807888851,0.148187736,4,106.604,222,2.69047619,14.85189591,sport,0.071687658,Clump,high
H93,4.1.1,14.79,2.693951277,0.005,-5.298317367,0.004415758,0.099,-2.312635429,0.089276726,4,106.604,222,2.69047619,14.85189591,sport,0.049461471,Clump,high
H178,4.2.1,14.8,2.694627181,0.019,-3.9633163,0.016739769,0.177,-1.731605546,0.159298451,4,106.604,222,2.69047619,14.85189591,sport,0.105084315,Clump,high
N89,2,14.8,2.694627181,0.021,-3.863232841,0.018501849,0.188,-1.671313316,0.169198354,2,91.724,282,2.098901099,12.80138429,sport,0.109350056,Clump,high
M22,5.1,14.81,2.695302628,0.014,-4.268697949,0.0123051,0.168,-1.7837913,0.150897963,5,26.516,99,1.605263158,4.463836802,sport,0.081545834,Clump,mid
N52,2.1.1,14.82,2.69597762,0.013,-4.342805922,0.011398887,0.163,-1.814005078,0.146116108,2,91.724,282,2.098901099,12.80138429,sport,0.078012528,Clump,high
N177,2.3.2,14.83,2.696652156,0.018,-4.017383521,0.015745421,0.201,-1.604450371,0.179822291,2,91.724,282,2.098901099,12.80138429,sport,0.087561007,Clump,high
N111,2.2.1,14.84,2.697326238,0.017,-4.074541935,0.014835222,0.199,-1.614450454,0.177679819,2,91.724,282,2.098901099,12.80138429,sport,0.083494133,Clump,high
K26,1.2,14.84,2.697326238,0.022,-3.816712826,0.019198523,0.18,-1.714798428,0.160715414,1,25.697,116,2.135135135,9.707083333,sport,0.119456638,Clump,mid
K53,1.2,14.85,2.697999865,0.017,-4.074541935,0.014799878,0.196,-1.62964062,0.174654282,1,25.697,116,2.135135135,9.707083333,sport,0.084738133,Clump,mid
M33,5.1,14.86,2.698673039,0.016,-4.135166557,0.013896133,0.155,-1.864330162,0.137845815,5,26.516,99,1.605263158,4.463836802,sport,0.100809248,Clump,mid
H156,4.2.2,14.88,2.700018029,0.01,-4.605170186,0.008643818,0.178,-1.725971729,0.157674356,4,106.604,222,2.69047619,14.85189591,sport,0.054820695,Clump,high
N126,2.2.1,14.9,2.701361213,0.019,-3.9633163,0.016345327,0.185,-1.687399454,0.163227858,2,91.724,282,2.098901099,12.80138429,sport,0.100138095,Clump,high
N183,2.3.3,14.91,2.702032129,0.015,-4.199705078,0.012873585,0.191,-1.655481851,0.168188977,2,91.724,282,2.098901099,12.80138429,sport,0.076542383,Clump,high
H89,4.1.1,14.91,2.702032129,0.014,-4.268697949,0.012015346,0.158,-1.845160246,0.139130148,4,106.604,222,2.69047619,14.85189591,sport,0.086360477,Clump,high
H160,4.2.2,14.92,2.702702595,0.019,-3.9633163,0.016267873,0.241,-1.422958345,0.211798748,4,106.604,222,2.69047619,14.85189591,sport,0.076808165,Clump,high
N194,2.3.3,14.94,2.70404218,0.01,-4.605170186,0.008521521,0.12,-2.120263536,0.105044589,2,91.724,282,2.098901099,12.80138429,sport,0.081122893,Clump,high
H128,4.2.2,14.95,2.7047113,0.018,-4.017383521,0.015302438,0.228,-1.47840965,0.199191679,4,106.604,222,2.69047619,14.85189591,sport,0.076822676,Clump,high
H67,4.1,14.96,2.705379973,0.017,-4.074541935,0.014418123,0.199,-1.614450454,0.173513752,4,106.604,222,2.69047619,14.85189591,sport,0.083094988,Clump,high
K93,1.4,15.01,2.708716646,0.015,-4.199705078,0.012572447,0.164,-1.807888851,0.141597514,1,25.697,116,2.135135135,9.707083333,sport,0.088790026,Clump,mid
N51,2.1.1,15.01,2.708716646,0.023,-3.772261063,0.019277752,0.22,-1.514127733,0.189947884,2,91.724,282,2.098901099,12.80138429,sport,0.10148969,Clump,high
N88,2,15.02,2.709382646,0.016,-4.135166557,0.013379021,0.223,-1.500583508,0.192160686,2,91.724,282,2.098901099,12.80138429,sport,0.069624132,Clump,high
N96,2.2.2,15.04,2.710713319,0.021,-3.863232841,0.017477419,0.197,-1.62455155,0.169092132,2,91.724,282,2.098901099,12.80138429,sport,0.103360331,Clump,high
N117,2.2.1,15.05,2.711377991,0.015,-4.199705078,0.012454523,0.221,-1.509592577,0.189321111,2,91.724,282,2.098901099,12.80138429,sport,0.065785178,Clump,high
N166,2.3.2,15.06,2.712042222,0.017,-4.074541935,0.014081966,0.179,-1.720369473,0.153041764,2,91.724,282,2.098901099,12.80138429,sport,0.092013874,Clump,high
H223,4.2.1,15.07,2.712706013,0.01,-4.605170186,0.008264062,0.135,-2.002480501,0.115197068,4,106.604,222,2.69047619,14.85189591,sport,0.071738473,Clump,high
H187,4.2.1,15.08,2.713369363,0.018,-4.017383521,0.014840411,0.258,-1.354795694,0.219724585,4,106.604,222,2.69047619,14.85189591,sport,0.067540969,Clump,high
H73,4.1.2,15.09,2.714032273,0.008,-4.828313737,0.006580274,0.167,-1.789761467,0.141947344,4,106.604,222,2.69047619,14.85189591,sport,0.046357147,Clump,high
H125,4.2.2,15.1,2.714694744,0.015,-4.199705078,0.012309105,0.177,-1.731605546,0.150153852,4,106.604,222,2.69047619,14.85189591,sport,0.081976617,Clump,high
H110,4.1.1,15.11,2.715356776,0.013,-4.342805922,0.010642912,0.197,-1.62455155,0.166794764,4,106.604,222,2.69047619,14.85189591,sport,0.063808429,Clump,high
H162,4.2.2,15.11,2.715356776,0.021,-3.863232841,0.017192396,0.232,-1.461017907,0.196428352,4,106.604,222,2.69047619,14.85189591,sport,0.087525024,Clump,high
H155,4.2.2,15.14,2.717340248,0.011,-4.509860006,0.008942512,0.217,-1.527857925,0.182657793,4,106.604,222,2.69047619,14.85189591,sport,0.048957737,Clump,high
N77,2.1.2?,15.16,2.71866038,0.015,-4.199705078,0.012137464,0.224,-1.496109227,0.187818112,2,91.724,282,2.098901099,12.80138429,sport,0.064623504,Clump,high
M60,5.2,15.16,2.71866038,0.016,-4.135166557,0.012946629,0.16,-1.832581464,0.134155794,5,26.516,99,1.605263158,4.463836802,sport,0.096504432,Clump,mid
N84,2.1.2?,15.16,2.71866038,0.019,-3.9633163,0.015374122,0.186,-1.682008605,0.155956111,2,91.724,282,2.098901099,12.80138429,sport,0.098579796,Clump,high
K4,1.1,15.2,2.721295428,0.015,-4.199705078,0.01202474,0.154,-1.870802677,0.128126455,1,25.697,116,2.135135135,9.707083333,sport,0.093850564,Clump,mid
H139,4.2.2,15.2,2.721295428,0.016,-4.135166557,0.012826389,0.162,-1.820158944,0.134782375,4,106.604,222,2.69047619,14.85189591,sport,0.095163699,Clump,high
L3,3,15.21,2.721953106,0.012,-4.422848629,0.009597415,0.123,-2.095570924,0.102136682,3,26.279,92,1.967741935,5.332289157,sport,0.093966389,Clump,mid
H214,4.2.1,15.22,2.722610352,0.012,-4.422848629,0.009575105,0.161,-1.826350914,0.133432496,4,106.604,222,2.69047619,14.85189591,sport,0.071759918,Clump,high
H159,4.2.2,15.24,2.72392355,0.014,-4.268697949,0.011119131,0.209,-1.565421027,0.172544799,4,106.604,222,2.69047619,14.85189591,sport,0.064441995,Clump,high
H127,4.2.2,15.25,2.724579503,0.016,-4.135166557,0.012678096,0.18,-1.714798428,0.148316287,4,106.604,222,2.69047619,14.85189591,sport,0.085480136,Clump,high
L68,3.4,15.25,2.724579503,0.017,-4.074541935,0.013470477,0.176,-1.737271284,0.14502037,3,26.279,92,1.967741935,5.332289157,sport,0.092886795,Clump,mid
L52,3.3,15.26,2.725235026,0.025,-3.688879454,0.019763597,0.201,-1.604450371,0.165300322,3,26.279,92,1.967741935,5.332289157,sport,0.119561757,Clump,mid
K40,1.2,15.26,2.725235026,0.022,-3.816712826,0.017391965,0.166,-1.795767491,0.136516684,1,25.697,116,2.135135135,9.707083333,sport,0.127398093,Clump,mid
N202,2.3.1,15.29,2.72719902,0.011,-4.509860006,0.008635716,0.176,-1.737271284,0.14390554,2,91.724,282,2.098901099,12.80138429,sport,0.060009616,Clump,high
N130,2.2.1,15.29,2.72719902,0.022,-3.816712826,0.017271432,0.233,-1.456716825,0.190511312,2,91.724,282,2.098901099,12.80138429,sport,0.090658304,Clump,high
H130,4.2.2,15.3,2.727852828,0.017,-4.074541935,0.013315245,0.18,-1.714798428,0.146892915,4,106.604,222,2.69047619,14.85189591,sport,0.090645928,Clump,high
H65,4.1.1,15.31,2.72850621,0.018,-4.017383521,0.014065913,0.188,-1.671313316,0.153126458,4,106.604,222,2.69047619,14.85189591,sport,0.091858151,Clump,high
M63,5.2,15.31,2.72850621,0.023,-3.772261063,0.017973111,0.193,-1.64506509,0.15719897,5,26.516,99,1.605263158,4.463836802,sport,0.114333519,Clump,mid
N75,2.1.2?,15.32,2.729159164,0.024,-3.729701449,0.018711239,0.233,-1.456716825,0.189414359,2,91.724,282,2.098901099,12.80138429,sport,0.098784689,Clump,high
L69,3.4,15.32,2.729159164,0.021,-3.863232841,0.016372334,0.196,-1.62964062,0.159335684,3,26.279,92,1.967741935,5.332289157,sport,0.102753717,Clump,mid
N195,2.3.3,15.34,2.730463796,0.025,-3.688879454,0.019401039,0.18,-1.714798428,0.145767362,2,91.724,282,2.098901099,12.80138429,sport,0.133095906,Clump,high
M29,5.1,15.36,2.731766728,0.019,-3.9633163,0.014676919,0.178,-1.725971729,0.143595483,5,26.516,99,1.605263158,4.463836802,sport,0.10221017,Clump,mid
N146,2.3.1,15.36,2.731766728,0.027,-3.611918413,0.020856674,0.198,-1.619488248,0.159729807,2,91.724,282,2.098901099,12.80138429,sport,0.130574714,Clump,high
H189,4.2.1,15.37,2.732417558,0.018,-4.017383521,0.013872442,0.178,-1.725971729,0.143320425,4,106.604,222,2.69047619,14.85189591,sport,0.096793197,Clump,high
N152,2.3.1,15.41,2.735016649,0.017,-4.074541935,0.012981724,0.228,-1.47840965,0.182178689,2,91.724,282,2.098901099,12.80138429,sport,0.07125819,Clump,high
H49,4.1.1,15.42,2.735665368,0.018,-4.017383521,0.013713816,0.184,-1.692819521,0.14674069,4,106.604,222,2.69047619,14.85189591,sport,0.093456124,Clump,high
H198,4.2.1,15.42,2.735665368,0.02,-3.912023005,0.015237573,0.19,-1.660731207,0.151525713,4,106.604,222,2.69047619,14.85189591,sport,0.100560975,Clump,high
M28,5.1,15.44,2.736961545,0.017,-4.074541935,0.012892627,0.198,-1.619488248,0.157303924,5,26.516,99,1.605263158,4.463836802,sport,0.081959986,Clump,mid
N109,2.2.1,15.52,2.742129515,0.015,-4.199705078,0.011169565,0.183,-1.698269126,0.143190231,2,91.724,282,2.098901099,12.80138429,sport,0.078005079,Clump,high
H59,4.1.1,15.52,2.742129515,0.02,-3.912023005,0.014892754,0.187,-1.676646662,0.146320072,4,106.604,222,2.69047619,14.85189591,sport,0.101782028,Clump,high
K44,1.2,15.53,2.742773637,0.023,-3.772261063,0.017087648,0.195,-1.63475572,0.152290496,1,25.697,116,2.135135135,9.707083333,sport,0.112204298,Clump,mid
M66,5.2,15.6,2.747270914,0.023,-3.772261063,0.016817685,0.197,-1.62455155,0.151827506,5,26.516,99,1.605263158,4.463836802,sport,0.110768368,Clump,mid
K36,1.2,15.61,2.747911735,0.027,-3.611918413,0.019697752,0.191,-1.655481851,0.146925682,1,25.697,116,2.135135135,9.707083333,sport,0.134066093,Clump,mid
K77,1.4,15.64,2.749831735,0.031,-3.473768074,0.0224627,0.227,-1.482805262,0.17363357,1,25.697,116,2.135135135,9.707083333,sport,0.129368414,Clump,mid
M45,5.1,15.66,2.751109691,0.025,-3.688879454,0.01803329,0.196,-1.62964062,0.149358125,5,26.516,99,1.605263158,4.463836802,sport,0.120738597,Clump,mid
H172,4.2.1,15.67,2.751748056,0.017,-4.074541935,0.01223495,0.23,-1.46967597,0.174937885,4,106.604,222,2.69047619,14.85189591,sport,0.069938822,Clump,high
H109,4.1.1,15.67,2.751748056,0.02,-3.912023005,0.014394058,0.218,-1.523260216,0.165810691,4,106.604,222,2.69047619,14.85189591,sport,0.086810195,Clump,high
N150,2.3.1,15.67,2.751748056,0.021,-3.863232841,0.015113761,0.192,-1.650259907,0.146035104,2,91.724,282,2.098901099,12.80138429,sport,0.10349403,Clump,high
N143,2.2.1,15.68,2.752386015,0.021,-3.863232841,0.015079658,0.185,-1.687399454,0.1404467,2,91.724,282,2.098901099,12.80138429,sport,0.107369256,Clump,high
H140,4.2.2,15.69,2.753023567,0.018,-4.017383521,0.012896274,0.214,-1.541779264,0.162157814,4,106.604,222,2.69047619,14.85189591,sport,0.079529154,Clump,high
H190,4.2.1,15.69,2.753023567,0.018,-4.017383521,0.012896274,0.21,-1.560647748,0.159126827,4,106.604,222,2.69047619,14.85189591,sport,0.081043995,Clump,high
H94,4.1.1,15.69,2.753023567,0.032,-3.442019376,0.022926709,0.249,-1.390302383,0.188678952,4,106.604,222,2.69047619,14.85189591,sport,0.121511747,Clump,high
M82,5.2,15.7,2.753660712,0.018,-4.017383521,0.012867211,0.215,-1.537117251,0.16261005,5,26.516,99,1.605263158,4.463836802,sport,0.079129247,Clump,mid
H52,4.1.1,15.71,2.754297452,0.012,-4.422848629,0.008558821,0.177,-1.731605546,0.133618787,4,106.604,222,2.69047619,14.85189591,sport,0.064054026,Clump,high
K86,1.4,15.74,2.756205243,0.033,-3.411247718,0.023378292,0.245,-1.406497068,0.183915975,1,25.697,116,2.135135135,9.707083333,sport,0.127113983,Clump,mid
H149,4.2.2,15.76,2.757475084,0.016,-4.135166557,0.011284076,0.203,-1.5945493,0.151818513,4,106.604,222,2.69047619,14.85189591,sport,0.074326089,Clump,high
N171,2.3.2,15.76,2.757475084,0.018,-4.017383521,0.012694586,0.195,-1.63475572,0.145835517,2,91.724,282,2.098901099,12.80138429,sport,0.087047285,Clump,high
M30,5.1,15.79,2.759376828,0.017,-4.074541935,0.011908865,0.206,-1.57987911,0.153201411,5,26.516,99,1.605263158,4.463836802,sport,0.077733392,Clump,mid
K96,1.4,15.79,2.759376828,0.034,-3.381394754,0.023817731,0.277,-1.283737773,0.206003839,1,25.697,116,2.135135135,9.707083333,sport,0.115617897,Clump,mid
N55,2.1,15.8,2.76000994,0.019,-3.9633163,0.013280103,0.197,-1.62455155,0.146235141,2,91.724,282,2.098901099,12.80138429,sport,0.090813349,Clump,high
N40,2.1.1,15.81,2.760642651,0.012,-4.422848629,0.008368663,0.146,-1.924148657,0.108175489,2,91.724,282,2.098901099,12.80138429,sport,0.077361915,Clump,high
N38,2.1.1,15.82,2.761274962,0.017,-4.074541935,0.011829091,0.194,-1.63989712,0.143472525,2,91.724,282,2.098901099,12.80138429,sport,0.082448474,Clump,high
L46,3.3,15.82,2.761274962,0.033,-3.411247718,0.022962353,0.209,-1.565421027,0.154565761,3,26.279,92,1.967741935,5.332289157,sport,0.148560408,Clump,mid
K70,1.4,15.83,2.761906874,0.022,-3.816712826,0.01527402,0.162,-1.820158944,0.119584127,1,25.697,116,2.135135135,9.707083333,sport,0.127726145,Clump,mid
H209,4.2.1,15.86,2.763800216,0.018,-4.017383521,0.012413422,0.223,-1.500583508,0.1636971,4,106.604,222,2.69047619,14.85189591,sport,0.075831655,Clump,high
H90,4.1.1,15.87,2.764430535,0.014,-4.268697949,0.009633358,0.215,-1.537117251,0.157531763,4,106.604,222,2.69047619,14.85189591,sport,0.061151848,Clump,high
M77,5.2,15.87,2.764430535,0.022,-3.816712826,0.015138135,0.184,-1.692819521,0.134817881,5,26.516,99,1.605263158,4.463836802,sport,0.112285808,Clump,mid
K75,1.4,15.88,2.765060456,0.022,-3.816712826,0.015104406,0.205,-1.5847453,0.14992622,1,25.697,116,2.135135135,9.707083333,sport,0.100745593,Clump,mid
N106,2.2.1,15.91,2.766947842,0.011,-4.509860006,0.007501898,0.195,-1.63475572,0.141821986,2,91.724,282,2.098901099,12.80138429,sport,0.052896581,Clump,high
H151,4.2.2,15.92,2.76757618,0.017,-4.074541935,0.011568076,0.233,-1.456716825,0.169145698,4,106.604,222,2.69047619,14.85189591,sport,0.06839119,Clump,high
N137,2.2.1,15.94,2.768831673,0.019,-3.9633163,0.012871675,0.182,-1.703748592,0.131634614,2,91.724,282,2.098901099,12.80138429,sport,0.097783358,Clump,high
N69,2.1.1?,15.94,2.768831673,0.021,-3.863232841,0.014226588,0.188,-1.671313316,0.135974217,2,91.724,282,2.098901099,12.80138429,sport,0.104627098,Clump,high
H222,4.2.1,15.95,2.769458829,0.014,-4.268697949,0.009463353,0.214,-1.541779264,0.154493456,4,106.604,222,2.69047619,14.85189591,sport,0.061254068,Clump,high
H70,4.1.1,15.95,2.769458829,0.022,-3.816712826,0.014870983,0.213,-1.546463113,0.153771524,4,106.604,222,2.69047619,14.85189591,sport,0.096708301,Clump,high
L80,3.4,15.96,2.770085592,0.019,-3.9633163,0.012814649,0.204,-1.589635285,0.147002453,3,26.279,92,1.967741935,5.332289157,sport,0.087173032,Clump,mid
H69,4.1.1,15.96,2.770085592,0.02,-3.912023005,0.013489105,0.189,-1.666008264,0.136193449,4,106.604,222,2.69047619,14.85189591,sport,0.099043712,Clump,high
M90,5.2,15.97,2.770711962,0.02,-3.912023005,0.013459219,0.179,-1.720369473,0.128749647,5,26.516,99,1.605263158,4.463836802,sport,0.104537912,Clump,mid
N71,2.1.1?,15.97,2.770711962,0.023,-3.772261063,0.015478102,0.173,-1.754463684,0.124434016,2,91.724,282,2.098901099,12.80138429,sport,0.12438803,Clump,high
N50,2.1.1,15.98,2.77133794,0.015,-4.199705078,0.010072064,0.167,-1.789761467,0.119897076,2,91.724,282,2.098901099,12.80138429,sport,0.08400592,Clump,high
M80,5.2,15.98,2.77133794,0.019,-3.9633163,0.012757948,0.188,-1.671313316,0.134973954,5,26.516,99,1.605263158,4.463836802,sport,0.094521554,Clump,mid
L37,3.3,15.99,2.771963527,0.021,-3.863232841,0.014069688,0.181,-1.709258248,0.129709056,3,26.279,92,1.967741935,5.332289157,sport,0.108471131,Clump,mid
K80,1.4,15.99,2.771963527,0.032,-3.442019376,0.021439525,0.22,-1.514127733,0.157657417,1,25.697,116,2.135135135,9.707083333,sport,0.13598805,Clump,mid
H169,4.2.1,16,2.772588722,0.017,-4.074541935,0.011364561,0.172,-1.760260802,0.123032621,4,106.604,222,2.69047619,14.85189591,sport,0.092370303,Clump,high
H143,4.2.2,16,2.772588722,0.028,-3.575550769,0.0187181,0.238,-1.435484605,0.170242813,4,106.604,222,2.69047619,14.85189591,sport,0.109949426,Clump,high
M49,5.1,16.03,2.774461967,0.027,-3.611918413,0.017930266,0.177,-1.731605546,0.125912373,5,26.516,99,1.605263158,4.463836802,sport,0.142402737,Clump,mid
N59,2.1.1?,16.05,2.77570885,0.019,-3.9633163,0.012562008,0.252,-1.378326191,0.178607784,2,91.724,282,2.098901099,12.80138429,sport,0.070332928,Clump,high
N139,2.2.1,16.06,2.776331709,0.013,-4.342805922,0.008576122,0.211,-1.555897146,0.149274419,2,91.724,282,2.098901099,12.80138429,sport,0.057452057,Clump,high
N131,2.2.1,16.06,2.776331709,0.023,-3.772261063,0.01517314,0.23,-1.46967597,0.162716192,2,91.724,282,2.098901099,12.80138429,sport,0.093249108,Clump,high
H87,4.1.1,16.06,2.776331709,0.033,-3.411247718,0.021770157,0.231,-1.465337568,0.163423654,4,106.604,222,2.69047619,14.85189591,sport,0.133213012,Clump,high
H103,4.1.1,16.07,2.77695418,0.017,-4.074541935,0.011190237,0.172,-1.760260802,0.121460474,4,106.604,222,2.69047619,14.85189591,sport,0.092130687,Clump,high
M32,5.1,16.07,2.77695418,0.024,-3.729701449,0.015797982,0.24,-1.427116356,0.169479732,5,26.516,99,1.605263158,4.463836802,sport,0.093214578,Clump,mid
H105,4.1.1,16.1,2.778819272,0.017,-4.074541935,0.011116577,0.24,-1.427116356,0.168551069,4,106.604,222,2.69047619,14.85189591,sport,0.065953761,Clump,high
N180,2.3.2,16.11,2.779440197,0.021,-3.863232841,0.013702082,0.227,-1.482805262,0.159129865,2,91.724,282,2.098901099,12.80138429,sport,0.086106289,Clump,high
N129,2.2.1,16.12,2.780060737,0.018,-4.017383521,0.011718863,0.161,-1.826350914,0.112656894,2,91.724,282,2.098901099,12.80138429,sport,0.104022603,Clump,high
N43,2.1.1,16.13,2.780680892,0.017,-4.074541935,0.011043537,0.194,-1.63989712,0.135500277,2,91.724,282,2.098901099,12.80138429,sport,0.081501955,Clump,high
K9,1.1,16.15,2.78192005,0.021,-3.863232841,0.013582289,0.176,-1.737271284,0.122480148,1,25.697,116,2.135135135,9.707083333,sport,0.110893798,Clump,mid
N176,2.3.2,16.15,2.78192005,0.025,-3.688879454,0.016169391,0.181,-1.709258248,0.125959698,2,91.724,282,2.098901099,12.80138429,sport,0.128369563,Clump,high
L34,3.3,16.18,2.783775912,0.025,-3.688879454,0.016063481,0.254,-1.370421012,0.175797342,3,26.279,92,1.967741935,5.332289157,sport,0.091374993,Clump,mid
H218,4.2.1,16.21,2.785628336,0.018,-4.017383521,0.01149009,0.217,-1.527857925,0.149371682,4,106.604,222,2.69047619,14.85189591,sport,0.076922814,Clump,high
N147,2.3.1,16.24,2.787477335,0.016,-4.135166557,0.010146761,0.184,-1.692819521,0.125968133,2,91.724,282,2.098901099,12.80138429,sport,0.080550225,Clump,high
N90,2,16.24,2.787477335,0.024,-3.729701449,0.015220142,0.259,-1.350927217,0.177313839,2,91.724,282,2.098901099,12.80138429,sport,0.085837305,Clump,high
H168,4.2.1,16.24,2.787477335,0.027,-3.611918413,0.01712266,0.202,-1.599487582,0.138291103,4,106.604,222,2.69047619,14.85189591,sport,0.123816064,Clump,high
H204,4.2.1,16.25,2.788092909,0.019,-3.9633163,0.012023043,0.225,-1.491654877,0.153758029,4,106.604,222,2.69047619,14.85189591,sport,0.078194573,Clump,high
H206,4.2.1,16.26,2.788708104,0.015,-4.199705078,0.009471222,0.183,-1.698269126,0.124830087,4,106.604,222,2.69047619,14.85189591,sport,0.075872908,Clump,high
N138,2.2.1,16.26,2.788708104,0.024,-3.729701449,0.015153955,0.239,-1.431291727,0.163029458,2,91.724,282,2.098901099,12.80138429,sport,0.092952249,Clump,high
M8,5,16.27,2.789322921,0.022,-3.816712826,0.013860916,0.229,-1.474033275,0.155925466,5,26.516,99,1.605263158,4.463836802,sport,0.088894499,Clump,mid
H66,4.1,16.31,2.791778417,0.027,-3.611918413,0.016863855,0.261,-1.343234872,0.176433251,4,106.604,222,2.69047619,14.85189591,sport,0.09558207,Clump,high
M16,5.1,16.31,2.791778417,0.028,-3.575550769,0.017488443,0.194,-1.63989712,0.131141957,5,26.516,99,1.605263158,4.463836802,sport,0.133355054,Clump,mid
N35,2.1,16.33,2.793003907,0.016,-4.135166557,0.009950124,0.182,-1.703748592,0.122586709,2,91.724,282,2.098901099,12.80138429,sport,0.081168047,Clump,high
H192,4.2.1,16.34,2.793616089,0.015,-4.199705078,0.009308042,0.161,-1.826350914,0.108246691,4,106.604,222,2.69047619,14.85189591,sport,0.085989158,Clump,high
N110,2.2.1,16.38,2.796061078,0.022,-3.816712826,0.013534112,0.183,-1.698269126,0.122155112,2,91.724,282,2.098901099,12.80138429,sport,0.110794475,Clump,high
M76,5.2,16.39,2.796671393,0.029,-3.540459449,0.017801906,0.252,-1.378326191,0.167911423,5,26.516,99,1.605263158,4.463836802,sport,0.106019625,Clump,mid
H25,4,16.41,2.797890905,0.013,-4.342805922,0.007945778,0.198,-1.619488248,0.13145727,4,106.604,222,2.69047619,14.85189591,sport,0.060443811,Clump,high
L20,3,16.45,2.800325477,0.021,-3.863232841,0.012725311,0.185,-1.687399454,0.121948449,3,26.279,92,1.967741935,5.332289157,sport,0.104349924,Clump,mid
N112,2.2.1,16.45,2.800325477,0.024,-3.729701449,0.014543213,0.207,-1.575036486,0.136450426,2,91.724,282,2.098901099,12.80138429,sport,0.106582393,Clump,high
N162,2.3.2,16.46,2.800933195,0.022,-3.816712826,0.013302621,0.255,-1.366491734,0.167790434,2,91.724,282,2.098901099,12.80138429,sport,0.079281167,Clump,high
N172,2.3.2,16.46,2.800933195,0.026,-3.649658741,0.01572128,0.251,-1.38230234,0.165158427,2,91.724,282,2.098901099,12.80138429,sport,0.095189087,Clump,high
H183,4.2.1,16.46,2.800933195,0.03,-3.506557897,0.018139938,0.263,-1.335601247,0.173054448,4,106.604,222,2.69047619,14.85189591,sport,0.104822144,Clump,high
N151,2.3.1,16.47,2.801540544,0.018,-4.017383521,0.010860581,0.217,-1.527857925,0.142531117,2,91.724,282,2.098901099,12.80138429,sport,0.076197963,Clump,high
N79,2.1.2?,16.47,2.801540544,0.019,-3.9633163,0.011463946,0.212,-1.551169004,0.13924699,2,91.724,282,2.098901099,12.80138429,sport,0.082328145,Clump,high
H97,4.1.1,16.51,2.803966258,0.019,-3.9633163,0.011365899,0.254,-1.370421012,0.165645689,4,106.604,222,2.69047619,14.85189591,sport,0.068615725,Clump,high
N140,2.2.1,16.51,2.803966258,0.02,-3.912023005,0.011964104,0.199,-1.614450454,0.129777528,2,91.724,282,2.098901099,12.80138429,sport,0.092189338,Clump,high
K52,1.2,16.51,2.803966258,0.036,-3.324236341,0.021535388,0.267,-1.320506621,0.174123618,1,25.697,116,2.135135135,9.707083333,sport,0.123678729,Clump,mid
H84,4.1.2,16.52,2.804571768,0.023,-3.772261063,0.013729251,0.241,-1.422958345,0.156887649,4,106.604,222,2.69047619,14.85189591,sport,0.087510084,Clump,high
H75,4.1.2,16.53,2.805176912,0.018,-4.017383521,0.010721632,0.223,-1.500583508,0.144911328,4,106.604,222,2.69047619,14.85189591,sport,0.073987538,Clump,high
N57,2.1,16.55,2.806386102,0.017,-4.074541935,0.010082722,0.199,-1.614450454,0.128855652,2,91.724,282,2.098901099,12.80138429,sport,0.078248193,Clump,high
L23,3,16.56,2.806990149,0.018,-4.017383521,0.010653013,0.189,-1.666008264,0.122162908,3,26.279,92,1.967741935,5.332289157,sport,0.087203333,Clump,mid
H78,4.1.2,16.56,2.806990149,0.023,-3.772261063,0.013612183,0.237,-1.439695138,0.153188409,4,106.604,222,2.69047619,14.85189591,sport,0.088859093,Clump,high
L78,3.4,16.58,2.80819715,0.023,-3.772261063,0.013554129,0.233,-1.456716825,0.150068384,3,26.279,92,1.967741935,5.332289157,sport,0.090319683,Clump,mid
L11,3.1,16.59,2.808800104,0.029,-3.540459449,0.017053539,0.225,-1.491654877,0.144658635,3,26.279,92,1.967741935,5.332289157,sport,0.117888153,Clump,mid
N63,2.1.1?,16.61,2.810004924,0.024,-3.729701449,0.014053191,0.277,-1.283737773,0.177459859,2,91.724,282,2.098901099,12.80138429,sport,0.079190817,Clump,high
H58,4.1.1,16.61,2.810004924,0.018,-4.017383521,0.010539893,0.198,-1.619488248,0.126848563,4,106.604,222,2.69047619,14.85189591,sport,0.083090365,Clump,high
L38,3.3,16.61,2.810004924,0.026,-3.649658741,0.01522429,0.26,-1.347073648,0.16656882,3,26.279,92,1.967741935,5.332289157,sport,0.091399402,Clump,mid
H188,4.2.1,16.62,2.810606789,0.019,-3.9633163,0.011101758,0.238,-1.435484605,0.152204423,4,106.604,222,2.69047619,14.85189591,sport,0.072939784,Clump,high
N201,2.3.1,16.62,2.810606789,0.012,-4.422848629,0.007011636,0.15,-1.897119985,0.095927157,2,91.724,282,2.098901099,12.80138429,sport,0.073093341,Clump,high
N199,2.3.3,16.63,2.811208293,0.031,-3.473768074,0.018074855,0.242,-1.418817553,0.15448848,2,91.724,282,2.098901099,12.80138429,sport,0.116998077,Clump,high
N153,2.3.1,16.64,2.811809435,0.021,-3.863232841,0.012218221,0.243,-1.414693836,0.154852381,2,91.724,282,2.098901099,12.80138429,sport,0.078902375,Clump,high
N149,2.3.1,16.66,2.813010637,0.025,-3.688879454,0.014483764,0.232,-1.461017907,0.14732035,2,91.724,282,2.098901099,12.80138429,sport,0.098314751,Clump,high
N148,2.3.1,16.67,2.813610697,0.021,-3.863232841,0.012140538,0.237,-1.439695138,0.150229551,2,91.724,282,2.098901099,12.80138429,sport,0.080813246,Clump,high
H92,4.1.1,16.71,2.816007343,0.028,-3.575550769,0.01605059,0.279,-1.276543497,0.175608236,4,106.604,222,2.69047619,14.85189591,sport,0.091399985,Clump,high
N120,2.2.1,16.72,2.816605608,0.022,-3.816712826,0.01258449,0.272,-1.301953213,0.170900818,2,91.724,282,2.098901099,12.80138429,sport,0.073636218,Clump,high
H96,4.1.1,16.76,2.818995095,0.022,-3.816712826,0.01247846,0.262,-1.339410775,0.163462955,4,106.604,222,2.69047619,14.85189591,sport,0.076338151,Clump,high
H226,4.2.1,16.78,2.820187701,0.019,-3.9633163,0.010731437,0.239,-1.431291727,0.148590176,4,106.604,222,2.69047619,14.85189591,sport,0.07222171,Clump,high
H81,4.1.2,16.79,2.820783471,0.026,-3.649658741,0.014654176,0.22,-1.514127733,0.136537715,4,106.604,222,2.69047619,14.85189591,sport,0.10732695,Clump,high
N198,2.3.3,16.81,2.821973947,0.023,-3.772261063,0.012908778,0.214,-1.541779264,0.132348977,2,91.724,282,2.098901099,12.80138429,sport,0.097535914,Clump,high
H150,4.2.2,16.82,2.822568655,0.016,-4.135166557,0.008961129,0.229,-1.474033275,0.141377862,4,106.604,222,2.69047619,14.85189591,sport,0.063384245,Clump,high
K92,1.4,16.82,2.822568655,0.03,-3.506557897,0.016802117,0.239,-1.431291727,0.147551568,1,25.697,116,2.135135135,9.707083333,sport,0.113872845,Clump,mid
H39,4.1.1,16.85,2.824350657,0.024,-3.729701449,0.013357143,0.224,-1.496109227,0.137566915,4,106.604,222,2.69047619,14.85189591,sport,0.097095603,Clump,high
H213,4.2.1,16.85,2.824350657,0.028,-3.575550769,0.015583333,0.217,-1.527857925,0.133267948,4,106.604,222,2.69047619,14.85189591,sport,0.116932339,Clump,high
M71,5.2,16.86,2.824943953,0.021,-3.863232841,0.011662972,0.214,-1.541779264,0.131196023,5,26.516,99,1.605263158,4.463836802,sport,0.088897296,Clump,mid
K21,1.1,16.87,2.825536897,0.027,-3.611918413,0.014963798,0.248,-1.394326533,0.151774897,1,25.697,116,2.135135135,9.707083333,sport,0.098592049,Clump,mid
N78,2.1.2?,16.9,2.827313622,0.022,-3.816712826,0.012116256,0.253,-1.37436579,0.15402655,2,91.724,282,2.098901099,12.80138429,sport,0.078663425,Clump,high
H57,4.1.1,16.91,2.827905163,0.028,-3.575550769,0.015388422,0.235,-1.448169765,0.142819035,4,106.604,222,2.69047619,14.85189591,sport,0.107747699,Clump,high
H56,4.1.1,16.92,2.828496354,0.017,-4.074541935,0.009323433,0.234,-1.452434164,0.141963827,4,106.604,222,2.69047619,14.85189591,sport,0.065674705,Clump,high
N72,2.1.1?,16.92,2.828496354,0.029,-3.540459449,0.015904679,0.233,-1.456716825,0.141357144,2,91.724,282,2.098901099,12.80138429,sport,0.112514151,Clump,high
H99,4.1.1,16.93,2.829087196,0.017,-4.074541935,0.009303947,0.247,-1.398366942,0.1495901,4,106.604,222,2.69047619,14.85189591,sport,0.062196273,Clump,high
N48,2.1.1,16.96,2.83085763,0.021,-3.863232841,0.011421285,0.205,-1.5847453,0.123507864,2,91.724,282,2.098901099,12.80138429,sport,0.092474148,Clump,high
N64,2.1.1?,16.96,2.83085763,0.031,-3.473768074,0.016859991,0.24,-1.427116356,0.144594573,2,91.724,282,2.098901099,12.80138429,sport,0.116601827,Clump,high
K79,1.4,16.96,2.83085763,0.036,-3.324236341,0.019579345,0.277,-1.283737773,0.166886236,1,25.697,116,2.135135135,9.707083333,sport,0.117321508,Clump,mid
H98,4.1.1,16.97,2.831447079,0.019,-3.9633163,0.010311997,0.247,-1.398366942,0.148553725,4,106.604,222,2.69047619,14.85189591,sport,0.069415944,Clump,high
K3,1.1,16.98,2.832036181,0.021,-3.863232841,0.01137372,0.203,-1.5945493,0.121879009,1,25.697,116,2.135135135,9.707083333,sport,0.093319761,Clump,mid
L7,3,16.98,2.832036181,0.026,-3.649658741,0.014081749,0.238,-1.435484605,0.142892631,3,26.279,92,1.967741935,5.332289157,sport,0.098547759,Clump,mid
L9,3.1,17,2.833213344,0.024,-3.729701449,0.012944468,0.24,-1.427116356,0.14359457,3,26.279,92,1.967741935,5.332289157,sport,0.090145941,Clump,mid
H194,4.2.1,17,2.833213344,0.028,-3.575550769,0.015101879,0.239,-1.431291727,0.14299626,4,106.604,222,2.69047619,14.85189591,sport,0.105610307,Clump,high
M1,5,17.01,2.833801406,0.022,-3.816712826,0.011841079,0.221,-1.509592577,0.131997791,5,26.516,99,1.605263158,4.463836802,sport,0.089706647,Clump,mid
N83,2.1.2?,17.02,2.834389123,0.024,-3.729701449,0.012890686,0.259,-1.350927217,0.154426636,2,91.724,282,2.098901099,12.80138429,sport,0.0834745,Clump,high
H212,4.2.1,17.04,2.835563521,0.017,-4.074541935,0.00909301,0.193,-1.64506509,0.11467723,4,106.604,222,2.69047619,14.85189591,sport,0.079292204,Clump,high
N160,2.3.2,17.06,2.836736542,0.025,-3.688879454,0.013316646,0.238,-1.435484605,0.140927596,2,91.724,282,2.098901099,12.80138429,sport,0.094492821,Clump,high
H191,4.2.1,17.07,2.837322537,0.023,-3.772261063,0.012225919,0.28,-1.272965676,0.165511196,4,106.604,222,2.69047619,14.85189591,sport,0.073867626,Clump,high
M15,5.1,17.07,2.837322537,0.026,-3.649658741,0.013820604,0.24,-1.427116356,0.14186674,5,26.516,99,1.605263158,4.463836802,sport,0.097419623,Clump,mid
H196,4.2.1,17.08,2.837908188,0.02,-3.912023005,0.01060921,0.254,-1.370421012,0.149883478,4,106.604,222,2.69047619,14.85189591,sport,0.070783052,Clump,high
N113,2.2.1,17.1,2.839078464,0.025,-3.688879454,0.013206671,0.282,-1.265848208,0.165833347,2,91.724,282,2.098901099,12.80138429,sport,0.079638211,Clump,high
N46,2.1.1,17.11,2.839663088,0.018,-4.017383521,0.009489139,0.253,-1.37436579,0.14852354,2,91.724,282,2.098901099,12.80138429,sport,0.063889798,Clump,high
H71,4.1.2,17.11,2.839663088,0.022,-3.816712826,0.011597836,0.276,-1.287354413,0.16202568,4,106.604,222,2.69047619,14.85189591,sport,0.071580236,Clump,high
L60,3,17.11,2.839663088,0.019,-3.9633163,0.010016313,0.196,-1.62964062,0.115061715,3,26.279,92,1.967741935,5.332289157,sport,0.08705166,Clump,mid
M27,5.1,17.11,2.839663088,0.023,-3.772261063,0.012125011,0.231,-1.465337568,0.13560845,5,26.516,99,1.605263158,4.463836802,sport,0.089411912,Clump,mid
L22,3,17.12,2.840247371,0.016,-4.135166557,0.008417357,0.16,-1.832581464,0.093766392,3,26.279,92,1.967741935,5.332289157,sport,0.089769446,Clump,mid
N133,2.2.1,17.14,2.841414913,0.022,-3.816712826,0.011526115,0.237,-1.439695138,0.13841456,2,91.724,282,2.098901099,12.80138429,sport,0.083272419,Clump,high
N179,2.3.2,17.15,2.841998174,0.023,-3.772261063,0.012025168,0.235,-1.448169765,0.137010878,2,91.724,282,2.098901099,12.80138429,sport,0.08776798,Clump,high
H224,4.2.1,17.16,2.842581094,0.024,-3.729701449,0.012522128,0.275,-1.290984181,0.16005678,4,106.604,222,2.69047619,14.85189591,sport,0.078235533,Clump,high
H85,4.1.2,17.17,2.843163675,0.021,-3.863232841,0.010934282,0.293,-1.22758267,0.170240792,4,106.604,222,2.69047619,14.85189591,sport,0.06422833,Clump,high
M25,5.1,17.17,2.843163675,0.02,-3.912023005,0.010413602,0.211,-1.555897146,0.122596611,5,26.516,99,1.605263158,4.463836802,sport,0.084942003,Clump,mid
N122,2.2.1,17.17,2.843163675,0.024,-3.729701449,0.012496322,0.209,-1.565421027,0.121434558,2,91.724,282,2.098901099,12.80138429,sport,0.102905814,Clump,high
M69,5.2,17.18,2.843745917,0.034,-3.381394754,0.017666662,0.24,-1.427116356,0.139207397,5,26.516,99,1.605263158,4.463836802,sport,0.126908929,Clump,mid
H131,4.2.2,17.22,2.846071499,0.02,-3.912023005,0.010306927,0.23,-1.46967597,0.132496219,4,106.604,222,2.69047619,14.85189591,sport,0.077790349,Clump,high
N188,2.3.3,17.22,2.846071499,0.023,-3.772261063,0.011852966,0.244,-1.410587054,0.140561206,2,91.724,282,2.098901099,12.80138429,sport,0.084326014,Clump,high
L27,3.2,17.26,2.848391686,0.03,-3.506557897,0.015333892,0.218,-1.523260216,0.124727903,3,26.279,92,1.967741935,5.332289157,sport,0.122938745,Clump,mid
N14,2,17.28,2.849549763,0.02,-3.912023005,0.01018076,0.233,-1.456716825,0.13285606,2,91.724,282,2.098901099,12.80138429,sport,0.076630001,Clump,high
N98,2.2.2,17.28,2.849549763,0.028,-3.575550769,0.014253064,0.237,-1.439695138,0.13513685,2,91.724,282,2.098901099,12.80138429,sport,0.105471335,Clump,high
H111,4.1.1,17.29,2.8501283,0.023,-3.772261063,0.011683914,0.269,-1.313043899,0.153121977,4,106.604,222,2.69047619,14.85189591,sport,0.076304617,Clump,high
N193,2.3.3,17.32,2.851861903,0.024,-3.729701449,0.012117297,0.221,-1.509592577,0.125158254,2,91.724,282,2.098901099,12.80138429,sport,0.096815804,Clump,high
N95,2.2.2,17.33,2.852439104,0.024,-3.729701449,0.012092556,0.247,-1.398366942,0.139645095,2,91.724,282,2.098901099,12.80138429,sport,0.086594922,Clump,high
H154,4.2.2,17.34,2.853015971,0.017,-4.074541935,0.008548082,0.272,-1.301953213,0.153518096,4,106.604,222,2.69047619,14.85189591,sport,0.055681265,Clump,high
N161,2.3.2,17.34,2.853015971,0.03,-3.506557897,0.01508485,0.281,-1.26940061,0.158597739,2,91.724,282,2.098901099,12.80138429,sport,0.095113904,Clump,high
H126,4.2.2,17.35,2.853592506,0.028,-3.575550769,0.01405048,0.286,-1.251763468,0.161145828,4,106.604,222,2.69047619,14.85189591,sport,0.087191087,Clump,high
H211,4.2.1,17.36,2.854168709,0.03,-3.506557897,0.015023402,0.243,-1.414693836,0.13668539,4,106.604,222,2.69047619,14.85189591,sport,0.109912271,Clump,high
K17,1.1,17.36,2.854168709,0.034,-3.381394754,0.017026522,0.245,-1.406497068,0.137810372,1,25.697,116,2.135135135,9.707083333,sport,0.123550365,Clump,mid
N167,2.3.2,17.37,2.85474458,0.029,-3.540459449,0.014493038,0.292,-1.231001477,0.163969052,2,91.724,282,2.098901099,12.80138429,sport,0.088388861,Clump,high
N15,2,17.39,2.855895328,0.01,-4.605170186,0.004977276,0.178,-1.725971729,0.099615457,2,91.724,282,2.098901099,12.80138429,sport,0.049964901,Clump,high
H148,4.2.2,17.39,2.855895328,0.022,-3.816712826,0.010950008,0.287,-1.248273063,0.160615934,4,106.604,222,2.69047619,14.85189591,sport,0.068175105,Clump,high
N108,2.2.1,17.43,2.85819286,0.029,-3.540459449,0.014317149,0.257,-1.358679194,0.142856603,2,91.724,282,2.098901099,12.80138429,sport,0.100220419,Clump,high
N99,2.2.2,17.51,2.862772146,0.025,-3.688879454,0.012143849,0.229,-1.474033275,0.125586742,2,91.724,282,2.098901099,12.80138429,sport,0.0966969,Clump,high
M31,5.1,17.52,2.863343086,0.021,-3.863232841,0.010180231,0.193,-1.64506509,0.10566597,5,26.516,99,1.605263158,4.463836802,sport,0.096343513,Clump,mid
H51,4.1.1,17.55,2.86505395,0.007,-4.96184513,0.003372915,0.231,-1.465337568,0.125834834,4,106.604,222,2.69047619,14.85189591,sport,0.026804299,Clump,high
L24,3.2,17.57,2.866192902,0.03,-3.506557897,0.014397167,0.223,-1.500583508,0.121070003,3,26.279,92,1.967741935,5.332289157,sport,0.118916051,Clump,mid
H95,4.1.1,17.59,2.867330559,0.03,-3.506557897,0.014339285,0.294,-1.224175512,0.159082888,4,106.604,222,2.69047619,14.85189591,sport,0.090137194,Clump,high
N97,2.2.2,17.6,2.867898902,0.026,-3.649658741,0.012402395,0.258,-1.354795694,0.139369803,2,91.724,282,2.098901099,12.80138429,sport,0.088989115,Clump,high
N76,2.1.2?,17.6,2.867898902,0.028,-3.575550769,0.013356426,0.251,-1.38230234,0.135588452,2,91.724,282,2.098901099,12.80138429,sport,0.098507105,Clump,high
H146,4.2.2,17.61,2.868466923,0.021,-3.863232841,0.009997191,0.251,-1.38230234,0.135361749,4,106.604,222,2.69047619,14.85189591,sport,0.073855363,Clump,high
H100,4.1.1,17.62,2.869034621,0.023,-3.772261063,0.010927316,0.243,-1.414693836,0.130828445,4,106.604,222,2.69047619,14.85189591,sport,0.083524009,Clump,high
N116,2.2.1,17.67,2.871868286,0.022,-3.816712826,0.010347862,0.303,-1.194022473,0.161775612,2,91.724,282,2.098901099,12.80138429,sport,0.063964291,Clump,high
H107,4.1.1,17.72,2.874693945,0.027,-3.611918413,0.012573214,0.297,-1.21402314,0.157257598,4,106.604,222,2.69047619,14.85189591,sport,0.079952986,Clump,high
N156,2.3.1,17.74,2.875821977,0.023,-3.772261063,0.01066782,0.253,-1.37436579,0.133515741,2,91.724,282,2.098901099,12.80138429,sport,0.079899341,Clump,high
H80,4.1.2,17.85,2.882003508,0.027,-3.611918413,0.012251955,0.231,-1.465337568,0.119705769,4,106.604,222,2.69047619,14.85189591,sport,0.102350584,Clump,high
L61,3.4,17.95,2.887590115,0.034,-3.381394754,0.01512618,0.265,-1.328025453,0.135083186,3,26.279,92,1.967741935,5.332289157,sport,0.111976781,Clump,mid
N66,2.1.1?,17.97,2.888703701,0.026,-3.649658741,0.011521557,0.248,-1.394326533,0.126003423,2,91.724,282,2.098901099,12.80138429,sport,0.091438448,Clump,high
H91,4.1.1,17.98,2.889260029,0.023,-3.772261063,0.010172089,0.274,-1.294627173,0.138985484,4,106.604,222,2.69047619,14.85189591,sport,0.073188137,Clump,high
N165,2.3.2,18,2.890371758,0.022,-3.816712826,0.009691596,0.273,-1.298283484,0.138025442,2,91.724,282,2.098901099,12.80138429,sport,0.070216015,Clump,high
H203,4.2.1,18.01,2.890927159,0.018,-4.017383521,0.007913909,0.266,-1.32425897,0.13426646,4,106.604,222,2.69047619,14.85189591,sport,0.058941813,Clump,high
N42,2.1.1,18.05,2.893145685,0.023,-3.772261063,0.010033088,0.271,-1.305636458,0.13589915,2,91.724,282,2.098901099,12.80138429,sport,0.073827454,Clump,high
N115,2.2.1,18.07,2.894253105,0.035,-3.352407217,0.01520799,0.283,-1.262308381,0.141454581,2,91.724,282,2.098901099,12.80138429,sport,0.107511468,Clump,high
H72,4.1.2,18.09,2.895359299,0.031,-3.473768074,0.013417275,0.253,-1.37436579,0.126047954,4,106.604,222,2.69047619,14.85189591,sport,0.106445795,Clump,high
H145,4.2.2,18.12,2.897016301,0.029,-3.540459449,0.012478214,0.327,-1.117795108,0.162122396,4,106.604,222,2.69047619,14.85189591,sport,0.076967859,Clump,high
N70,2.1.1?,18.12,2.897016301,0.027,-3.611918413,0.011617647,0.273,-1.298283484,0.13534989,2,91.724,282,2.098901099,12.80138429,sport,0.085834183,Clump,high
H74,4.1.2,18.16,2.899221373,0.023,-3.772261063,0.009819542,0.265,-1.328025453,0.130532873,4,106.604,222,2.69047619,14.85189591,sport,0.07522658,Clump,high
H171,4.2.1,18.16,2.899221373,0.026,-3.649658741,0.011100351,0.295,-1.220779923,0.145310179,4,106.604,222,2.69047619,14.85189591,sport,0.076390735,Clump,high
L74,3.4,18.17,2.899771882,0.019,-3.9633163,0.008095998,0.241,-1.422958345,0.118518658,3,26.279,92,1.967741935,5.332289157,sport,0.068309902,Clump,mid
L82,3.4,18.18,2.900322089,0.032,-3.442019376,0.013608825,0.277,-1.283737773,0.136002065,3,26.279,92,1.967741935,5.332289157,sport,0.100063372,Clump,mid
N45,2.1.1,18.2,2.901421594,0.023,-3.772261063,0.009743335,0.242,-1.418817553,0.118433443,2,91.724,282,2.098901099,12.80138429,sport,0.082268443,Clump,high
H104,4.1.1,18.23,2.903068589,0.028,-3.575550769,0.011792477,0.276,-1.287354413,0.13441906,4,106.604,222,2.69047619,14.85189591,sport,0.087729199,Clump,high
L8,3.1,18.24,2.903616985,0.021,-3.863232841,0.008827199,0.265,-1.328025453,0.128853438,3,26.279,92,1.967741935,5.332289157,sport,0.068505735,Clump,mid
N60,2.1.1?,18.24,2.903616985,0.035,-3.352407217,0.014711999,0.276,-1.287354413,0.134202072,2,91.724,282,2.098901099,12.80138429,sport,0.109625723,Clump,high
N189,2.3.3,18.26,2.904712875,0.031,-3.473768074,0.01298016,0.262,-1.339410775,0.12698409,2,91.724,282,2.098901099,12.80138429,sport,0.102218788,Clump,high
H55,4.1.1,18.34,2.909084467,0.011,-4.509860006,0.004535114,0.289,-1.241328591,0.13827788,4,106.604,222,2.69047619,14.85189591,sport,0.032797106,Clump,high
N100,2.2.2,18.38,2.911263117,0.037,-3.296837366,0.015137246,0.308,-1.177655496,0.146425984,2,91.724,282,2.098901099,12.80138429,sport,0.10337814,Clump,high
N170,2.3.2,18.4,2.912350665,0.028,-3.575550769,0.011411184,0.29,-1.237874356,0.137427609,2,91.724,282,2.098901099,12.80138429,sport,0.083034144,Clump,high
H138,4.2.2,18.41,2.912893995,0.024,-3.729701449,0.009762215,0.313,-1.161552088,0.14808981,4,106.604,222,2.69047619,14.85189591,sport,0.065920908,Clump,high
N91,2,18.42,2.913437031,0.025,-3.688879454,0.010149439,0.307,-1.180907531,0.145018843,2,91.724,282,2.098901099,12.80138429,sport,0.069987034,Clump,high
K67,1.4,18.46,2.915606229,0.026,-3.649658741,0.010474649,0.292,-1.231001477,0.137054586,1,25.697,116,2.135135135,9.707083333,sport,0.076426843,Clump,mid
L63,3.4,18.47,2.916147794,0.028,-3.575550769,0.01125878,0.304,-1.190727578,0.142459498,3,26.279,92,1.967741935,5.332289157,sport,0.079031446,Clump,mid
K28,1.2,18.5,2.917770732,0.039,-3.244193633,0.01559201,0.332,-1.10262031,0.154838684,1,25.697,116,2.135135135,9.707083333,sport,0.100698414,Clump,mid
N105,2.2.1,18.54,2.91993056,0.031,-3.473768074,0.012299224,0.289,-1.241328591,0.133929386,2,91.724,282,2.098901099,12.80138429,sport,0.09183365,Clump,high
H102,4.1.1,18.62,2.924236272,0.028,-3.575550769,0.010940888,0.283,-1.262308381,0.129495777,4,106.604,222,2.69047619,14.85189591,sport,0.084488378,Clump,high
N47,2.1.1,18.67,2.926917958,0.024,-3.729701449,0.009289274,0.232,-1.461017907,0.105323704,2,91.724,282,2.098901099,12.80138429,sport,0.088197377,Clump,high
N178,2.3.2,18.8,2.93385687,0.012,-4.422848629,0.004531906,0.118,-2.137070655,0.052485856,2,91.724,282,2.098901099,12.80138429,sport,0.08634528,Clump,high
N94,2.2,18.83,2.935451343,0.04,-3.218875825,0.015021302,0.285,-1.255266099,0.126172619,2,91.724,282,2.098901099,12.80138429,sport,0.119053584,Clump,high
H210,4.2.1,18.86,2.937043277,0.024,-3.729701449,0.008962119,0.285,-1.255266099,0.125582275,4,106.604,222,2.69047619,14.85189591,sport,0.071364522,Clump,high
N107,2.2.1,19.06,2.947591898,0.027,-3.611918413,0.009712727,0.269,-1.313043899,0.114905159,2,91.724,282,2.098901099,12.80138429,sport,0.084528205,Clump,high
H215,4.2.1,19.15,2.952302716,0.027,-3.611918413,0.009552053,0.326,-1.120857898,0.137333876,4,106.604,222,2.69047619,14.85189591,sport,0.069553506,Clump,high
N175,2.3.2,19.16,2.952824773,0.031,-3.473768074,0.010946916,0.358,-1.027222293,0.150582731,2,91.724,282,2.098901099,12.80138429,sport,0.072697023,Clump,high
H182,4.2.1,19.25,2.957511061,0.022,-3.816712826,0.007640927,0.297,-1.21402314,0.123211943,4,106.604,222,2.69047619,14.85189591,sport,0.062014497,Clump,high
N41,2.1.1,19.27,2.958549482,0.028,-3.575550769,0.009689123,0.277,-1.283737773,0.114563833,2,91.724,282,2.098901099,12.80138429,sport,0.084574011,Clump,high
M78,5.2,19.28,2.959068289,0.036,-3.324236341,0.012434579,0.268,-1.316768298,0.110672261,5,26.516,99,1.605263158,4.463836802,sport,0.112354975,Clump,mid
N181,2.3.3,19.73,2.98214032,0.027,-3.611918413,0.008594316,0.328,-1.114741671,0.126549009,2,91.724,282,2.098901099,12.80138429,sport,0.067912949,Clump,high
N37,2.1,19.78,2.984671326,0.033,-3.411247718,0.010410444,0.287,-1.248273063,0.10990781,2,91.724,282,2.098901099,12.80138429,sport,0.094719781,Clump,high
H153,4.2.2,19.82,2.986691529,0.028,-3.575550769,0.008770141,0.33,-1.108662625,0.125624945,4,106.604,222,2.69047619,14.85189591,sport,0.0698121,Clump,high
H46,4.1.1,20.66,3.028199464,0.031,-3.473768074,0.008382582,0.35,-1.049822124,0.117902613,4,106.604,222,2.69047619,14.85189591,sport,0.071097511,Clump,high
N1,2,36.21,3.589335324,0.012,-4.422848629,0.0004449,0.131,-2.032557956,0.008448736,2,91.724,282,2.098901099,12.80138429,sport,0.052658716,Clump,high
F6,6.1,7.11,1.961502244,0.002,-6.214608098,0.02362938,0.021,-3.863232841,0.163847851,6,6.814,48,1.285714286,2.578781513,sport,0.144215378,Mono,low
H7,4,7.13,1.964311234,0.002,-6.214608098,0.023395512,0.015,-4.199705078,0.116069684,4,2.971,28,1,3.132127955,sport,0.201564363,Mono,low
G3,6.2,7.16,1.968509981,0.002,-6.214608098,0.023050246,0.017,-4.074541935,0.12992851,6,6.814,48,1.285714286,2.578781513,sport,0.177407146,Mono,low
F5,6.1,7.2,1.974081026,0.003,-5.80914299,0.033899982,0.021,-3.863232841,0.15788725,6,6.814,48,1.285714286,2.578781513,sport,0.214710067,Mono,low
H4,4,7.24,1.979621206,0.002,-6.214608098,0.022160947,0.02,-3.912023005,0.147934504,4,2.971,28,1,3.132127955,sport,0.149802423,Mono,low
F10,6.1,7.31,1.989243274,0.001,-6.907755279,0.010709302,0.02,-3.912023005,0.143799939,6,6.814,48,1.285714286,2.578781513,sport,0.074473617,Mono,low
H19,4,7.32,1.990610328,0.001,-6.907755279,0.010657586,0.027,-3.611918413,0.193349663,4,2.971,28,1,3.132127955,sport,0.055120789,Mono,low
E8,7,7.35,1.994700313,0.002,-6.214608098,0.021008697,0.015,-4.199705078,0.106129974,7,2.864,38,0.583333333,2.934065934,sport,0.197952528,Mono,low
E3,7,7.46,2.009555414,0.002,-6.214608098,0.019932161,0.017,-4.074541935,0.1151303,7,2.864,38,0.583333333,2.934065934,sport,0.173126981,Mono,low
G19,6.2,7.58,2.0255132,0.002,-6.214608098,0.018837095,0.022,-3.816712826,0.142149881,6,6.814,48,1.285714286,2.578781513,sport,0.132515726,Mono,low
G17,6.2,7.62,2.03077637,0.002,-6.214608098,0.018489281,0.021,-3.863232841,0.133600858,6,6.814,48,1.285714286,2.578781513,sport,0.138391933,Mono,low
F11,6.1,7.81,2.055404964,0.002,-6.214608098,0.016945144,0.025,-3.688879454,0.147917433,6,6.814,48,1.285714286,2.578781513,sport,0.114558127,Mono,low
H5,4,8.05,2.085672091,0.003,-5.80914299,0.022834454,0.028,-3.575550769,0.1515349,4,2.971,28,1,3.132127955,sport,0.150687753,Mono,low
E4,7,8.14,2.09679018,0.002,-6.214608098,0.014635298,0.021,-3.863232841,0.10998896,7,2.864,38,0.583333333,2.934065934,sport,0.133061515,Mono,low
F12,6.1,8.23,2.107786015,0.004,-5.521460918,0.028152811,0.029,-3.540459449,0.147048088,6,6.814,48,1.285714286,2.578781513,sport,0.191453088,Mono,low
H1,4,8.4,2.128231706,0.003,-5.80914299,0.019639973,0.032,-3.442019376,0.152775073,4,2.971,28,1,3.132127955,sport,0.128554826,Mono,low
G16,6.2,8.85,2.180417459,0.003,-5.80914299,0.016326298,0.036,-3.324236341,0.147379448,6,6.814,48,1.285714286,2.578781513,sport,0.110777304,Mono,low
H14,4,9.15,2.213753879,0.004,-5.521460918,0.019344632,0.04,-3.218875825,0.148437198,4,2.971,28,1,3.132127955,sport,0.130321999,Mono,low
E7,7,9.42,2.242835089,0.004,-5.521460918,0.017451724,0.038,-3.270169119,0.129437148,7,2.864,38,0.583333333,2.934065934,sport,0.134827782,Mono,low
F8,6.1,9.43,2.243896097,0.005,-5.298317367,0.02173285,0.046,-3.079113882,0.156198077,6,6.814,48,1.285714286,2.578781513,sport,0.139136476,Mono,low
F3,6.1,9.85,2.287471455,0.033,-3.411247718,0.122927438,0.173,-1.754463684,0.516668836,6,6.814,48,1.285714286,2.578781513,sport,0.237923074,Mono,low
G15,6.2,10.01,2.303584593,0.004,-5.521460918,0.014073934,0.045,-3.101092789,0.128163105,6,6.814,48,1.285714286,2.578781513,sport,0.109812679,Mono,low
F14,6.1,10.17,2.31944221,0.01,-4.605170186,0.033263588,0.087,-2.44184716,0.236472708,6,6.814,48,1.285714286,2.578781513,sport,0.140665652,Mono,low
G14,6.2,10.31,2.333114298,0.003,-5.80914299,0.009507469,0.038,-3.270169119,0.09920941,6,6.814,48,1.285714286,2.578781513,sport,0.095832327,Mono,low
H10,4,11.5,2.442347035,0.007,-4.96184513,0.015068137,0.077,-2.563949857,0.145714975,4,2.971,28,1,3.132127955,sport,0.103408296,Mono,low
H2,4,11.82,2.469793012,0.01,-4.605170186,0.019532332,0.105,-2.253794929,0.183268368,4,2.971,28,1,3.132127955,sport,0.106577759,Mono,low
F2,6.1,12.15,2.49732917,0.01,-4.605170186,0.017717726,0.101,-2.292634762,0.162550743,6,6.814,48,1.285714286,2.578781513,sport,0.108998124,Mono,low
E2,7,12.33,2.512035317,0.011,-4.509860006,0.018500566,0.092,-2.385966702,0.141788139,7,2.864,38,0.583333333,2.934065934,sport,0.130480349,Mono,low
H17,4,12.65,2.537657215,0.018,-4.017383521,0.027647925,0.157,-1.851509474,0.224372829,4,2.971,28,1,3.132127955,sport,0.123223141,Mono,low
H6,4,12.8,2.549445171,0.012,-4.422848629,0.017678415,0.137,-1.987774353,0.189107736,4,2.971,28,1,3.132127955,sport,0.093483299,Mono,low
F13,6.1,12.95,2.561095788,0.01,-4.605170186,0.014136612,0.108,-2.225624052,0.144047696,6,6.814,48,1.285714286,2.578781513,sport,0.09813841,Mono,low
G12,6.2,13.13,2.574899688,0.02,-3.912023005,0.026924471,0.172,-1.760260802,0.220267216,6,6.814,48,1.285714286,2.578781513,sport,0.122235491,Mono,low
H11,4,13.44,2.598235335,0.015,-4.199705078,0.018591825,0.155,-1.864330162,0.185309102,4,2.971,28,1,3.132127955,sport,0.100328722,Mono,low
G10,6.2,13.66,2.614471854,0.012,-4.422848629,0.014042451,0.137,-1.987774353,0.156139256,6,6.814,48,1.285714286,2.578781513,sport,0.089935426,Mono,low
H13,4,13.83,2.626840146,0.016,-4.135166557,0.017920958,0.17,-1.771956842,0.186816864,4,2.971,28,1,3.132127955,sport,0.095927946,Mono,low
F15,6.1,14.08,2.644755351,0.021,-3.863232841,0.022075466,0.152,-1.883874758,0.158448987,6,6.814,48,1.285714286,2.578781513,sport,0.139322228,Mono,low
G13,6.2,15.44,2.736961545,0.034,-3.381394754,0.025785255,0.217,-1.527857925,0.172398745,6,6.814,48,1.285714286,2.578781513,sport,0.149567531,Mono,low
G8,6.2,15.8,2.76000994,0.018,-4.017383521,0.01258115,0.201,-1.604450371,0.149204382,6,6.814,48,1.285714286,2.578781513,sport,0.084321586,Mono,low
F4,6.1,17.33,2.852439104,0.027,-3.611918413,0.013604126,0.212,-1.551169004,0.119857329,6,6.814,48,1.285714286,2.578781513,sport,0.113502661,Mono,low
G9,6.2,17.61,2.868466923,0.023,-3.772261063,0.010949305,0.215,-1.537117251,0.115947315,6,6.814,48,1.285714286,2.578781513,sport,0.094433447,Mono,low
,,7,1.945910149,0.001,-6.907755279,0.012485341,0.014,-4.268697949,0.114366415,,,,,,sport.1,0.109169649,Singleton,sing
,,9.14,2.212660385,0.002,-6.214608098,0.009709841,0.032,-3.442019376,0.119132919,,,,,,sport.1,0.081504261,Singleton,sing
,,9.3,2.2300144,0.002,-6.214608098,0.009131129,0.035,-3.352407217,0.123807392,,,,,,sport.1,0.073752693,Singleton,sing
,,9.65,2.266957915,0.002,-6.214608098,0.008011454,0.041,-3.194183212,0.130075556,,,,,,sport.1,0.061590775,Singleton,sing
,,9.69,2.271094426,0.003,-5.80914299,0.011842444,0.039,-3.244193633,0.122231758,,,,,,sport.1,0.096885165,Singleton,sing
,,11.06,2.403334996,0.005,-5.298317367,0.01235736,0.047,-3.057607677,0.099775647,,,,,,sport.1,0.12385146,Singleton,sing
,,11.08,2.405141681,0.004,-5.521460918,0.009822845,0.053,-2.937463365,0.111915705,,,,,,sport.1,0.08777003,Singleton,sing
,,11.33,2.427454075,0.006,-5.11599581,0.01361494,0.085,-2.465104022,0.168068727,,,,,,sport.1,0.081008168,Singleton,sing
,,11.53,2.444952334,0.006,-5.11599581,0.012796944,0.087,-2.44184716,0.163380196,,,,,,sport.1,0.078326161,Singleton,sing
,,12.35,2.513656063,0.006,-5.11599581,0.01003347,0.084,-2.47693848,0.12884208,,,,,,sport.1,0.077874166,Singleton,sing
,,12.36,2.514465452,0.007,-4.96184513,0.011672213,0.096,-2.343407088,0.146897403,,,,,,sport.1,0.079458269,Singleton,sing
,,12.53,2.528125769,0.005,-5.298317367,0.007943609,0.083,-2.488914671,0.121995423,,,,,,sport.1,0.06511399,Singleton,sing
,,12.67,2.539236994,0.01,-4.605170186,0.015274274,0.109,-2.216407397,0.155051471,,,,,,sport.1,0.098510994,Singleton,sing
,,12.79,2.548663616,0.006,-5.11599581,0.008863704,0.084,-2.47693848,0.116216545,,,,,,sport.1,0.076268863,Singleton,sing
,,12.95,2.561095788,0.006,-5.11599581,0.008481967,0.082,-2.501036032,0.109369547,,,,,,sport.1,0.07755328,Singleton,sing
,,13.18,2.578700529,0.007,-4.96184513,0.009297585,0.083,-2.488914671,0.105108199,,,,,,sport.1,0.088457276,Singleton,sing
B6,Singleton,13.36,2.592265168,0.014,-4.268697949,0.017723111,0.127,-2.063568193,0.154528004,sport.s,0.852,6,0.2,0.5,sport,0.114691902,Singleton,sing
,,13.78,2.623218266,0.008,-4.828313737,0.009076138,0.111,-2.198225078,0.12328893,,,,,,sport.1,0.073616812,Singleton,sing
,,15.76,2.757475084,0.01,-4.605170186,0.007052548,0.134,-2.009915479,0.100215176,,,,,,sport.1,0.070374049,Singleton,sing
,,16.31,2.791778417,0.009,-4.710530702,0.005621285,0.174,-1.74869998,0.117622168,,,,,,sport.1,0.047791035,Singleton,sing
,,18.33,2.908539062,0.024,-3.729701449,0.009913923,0.278,-1.280134165,0.133228603,,,,,,sport.1,0.074412871,Singleton,sing
