ID,clump,size,lnsize,wetmass,wetdemse,density,ogshell,lnshell,shell,final,foil,ogtissue,lntissue,tissue,ogcondition,condition,totaldense,type
1,Singleton,31.66,3.455054054,3.752,3.156,1,1.318,0.276115436,0.838311625,,,0.163,-1.814005078,0.106167536,0.251,0.126644476,1,sing
3,Singleton,30.93,3.431726587,3.281,3.156,1,1.221,0.199670195,0.845045178,,,0.136,-1.995100393,0.095960464,0.283,0.113556608,1,sing
4,Singleton,27.16,3.301745303,2.312,3.156,1,0.923,-0.080126044,1.022622924,,,0.093,-2.375155786,0.102485025,0.100758397,0.100217805,1,sing
5,Singleton,28.87,3.362802994,2.78,3.156,1,1.229,0.206200831,1.091626575,,,0.119,-2.128631786,0.106358218,0.096826688,0.097430953,1,sing
6,Singleton,22.43,3.110399349,1.983,3.156,1,0.91,-0.094310679,2.015482336,,,0.083,-2.488914671,0.176315398,0.091208791,0.087480498,1,sing
7,Singleton,26.12,3.262701304,2.832,3.156,1,1.358,0.306013029,1.732991608,,,0.119,-2.128631786,0.149928963,0.087628866,0.086514535,1,sing
8,Singleton,29.26,3.376221396,2.659,3.156,1,1.541,0.432431556,1.303854614,,,0.087,-2.44184716,0.07425999,0.056456846,0.056954195,1,sing
9,Singleton,27.16,3.301745303,3.617,3.156,1,1.541,0.432431556,1.70732603,,,0.168,-1.7837913,0.185134238,0.109020117,0.108435199,1,sing
10,Singleton,28.61,3.353756307,3.02,3.156,1,1.12,0.113328685,1.027928605,,,0.141,-1.958995389,0.129992836,0.125892857,0.126460958,1,sing
11,Singleton,30.44,3.415757533,4.14,3.156,1,1.405,0.340037303,1.030258657,,,0.169,-1.777856564,0.125958686,0.36,0.122259284,1,sing
12,Singleton,29.46,3.383033411,3.408,3.156,1,1.355,0.303801454,1.11855242,,,0.156,-1.857899272,0.130080695,0.115129151,0.116293786,1,sing
29,Singleton,29.71,3.391483689,3.278,3.156,1,1.146,0.136277618,0.917522224,,,0.153,-1.877317358,0.123934407,0.133507853,0.135075101,1,sing
30,Singleton,31.13,3.438171984,3.965,3.156,1,1.473,0.387301137,0.995941672,,,0.143,-1.944910649,0.098693423,0.265,0.099095585,3,sing
141,16,29.44,3.382354294,3.481,6.85,3,1.023,0.022739487,0.846565083,,,0.091,-2.396895772,0.076057365,0.088954057,0.089842313,3,clump
142,16,28.53,3.350956165,2.796,6.277,3,1.045,0.044016885,0.968865411,,,0.124,-2.087473713,0.115423215,0.118660287,0.119132352,3,clump
13,1,27.01,3.296207168,3.135,8.433,3,1.159,0.147557564,1.3100987,,,0.12,-2.120263536,0.134774733,0.103537532,0.102873725,4,clump
14,1,30.91,3.431079756,3.576,10.647,3,1.41,0.343589704,0.978138355,,,0.246,-1.402423743,0.173961073,0.4,0.177849148,4,clump
15,1,30.79,3.427189962,3.936,10.647,3,1.422,0.352064331,1.000451632,,,0.163,-1.814005078,0.116815085,0.263,0.116762351,4,clump
138,15,27.8,3.325036021,3.042,9.626,3,1.072,0.069526063,1.091672068,,,0.107,-2.234926445,0.108859588,0.099813433,0.099718213,4,clump
139,15,23.14,3.141562722,8.923,20.888,3,0.616,-0.484508315,1.218778945,,,0.057,-2.864704011,0.108809072,0.092532468,0.089277118,4,clump
140,15,30.73,3.425239376,8.923,20.888,3,1.167,0.154436353,0.826863768,,,0.129,-2.047942875,0.093069351,0.253,0.112557056,4,clump
36,5,28.22,3.340030946,3.976,7.446,2,1.707,0.534737444,1.646480993,,,0.149,-1.903808973,0.143989984,0.087287639,0.087453171,5,clump
37,5,29.8,3.394508394,3.888,7.864,2,1.112,0.106160196,0.880605687,,,0.113,-2.18036746,0.090588531,0.101618705,0.102870708,5,clump
129,13,28.59,3.353057006,3.381,12.614,4,1.26,0.231111721,1.15935083,,,0.142,-1.951928221,0.13122916,0.112698413,0.113191932,6,clump
130,13,21.85,3.084200922,1.541,8.625,4,0.718,-0.33128571,1.748436246,,,0.08,-2.525728644,0.185920852,0.111420613,0.106335506,6,clump
131,13,24.12,3.183041372,1.878,8.625,4,0.775,-0.25489225,1.31957913,,,0.071,-2.645075402,0.117560319,0.091612903,0.089089253,6,clump
132,13,24.44,3.196221134,1.825,8.625,4,0.763,-0.270497248,1.238619071,,,0.076,-2.577021939,0.120277122,0.099606815,0.097105821,6,clump
199,25,33.2,3.502549876,3.471,7.567,2,1.344,0.295650242,0.71981183,,,0.138,-1.980501594,0.076371623,0.257,0.106099427,6,clump
200,25,30.4,3.414442608,3.303,6.774,2,1.64,0.494696242,1.208317457,,,0.095,-2.353878387,0.071125244,0.208,0.058863045,6,clump
207,28,32.8,3.490428515,3.596,10.596,3,1.433,0.359770149,0.801904131,,,0.142,-1.951928221,0.081921448,0.256,0.102158655,6,clump
208,28,29.5,3.384390263,3.188,9.345,3,1.243,0.217527813,1.021068798,,,0.097,-2.3330443,0.080507952,0.078037007,0.078846746,6,clump
209,28,21,3.044522438,2.561,9.345,3,1.064,0.062035391,2.991213109,,,0.101,-2.292634762,0.26894641,0.094924812,0.089912153,6,clump
144,17,27.71,3.321793359,2.824,14.782,5,1.02,0.019802627,1.050982593,,,0.107,-2.234926445,0.110077118,0.104901961,0.104737337,7,clump
145,17,27.31,3.307252935,2.959,12.901,5,1.167,0.154436353,1.267435525,,,0.096,-2.343407088,0.103811235,0.082262211,0.081906522,7,clump
146,17,33.86,3.522234377,2.868,12.901,5,1.697,0.528861986,0.846359053,,,0.131,-2.032557956,0.067764401,0.256,0.080065784,7,clump
147,17,28.1,3.335769576,1.19,12.901,5,0.428,-0.848632083,0.419243623,,,0.067,-2.70306266,0.065700501,0.156542056,0.156711987,7,clump
148,17,31.5,3.449987546,3.06,12.901,5,1.236,0.211880359,0.800707397,,,0.123,-2.095570924,0.081518554,0.224,0.10180817,7,clump
168,20,26.9,3.292126287,2.896,5.449,2,1.114,0.107957142,1.277972509,,,0.105,-2.253794929,0.119590185,0.094254937,0.093578057,7,clump
169,20,26.8,3.288401888,2.69,5.586,2,0.875,-0.133531393,1.0174186,,,0.116,-2.154165088,0.133817282,0.132571429,0.131526278,7,clump
261,32,31.6,3.453157121,3.277,16.48,4,1.196,0.178982656,0.765955458,,,0.119,-2.128631786,0.078014769,0.254,0.101852879,7,clump
262,32,26.6,3.280911216,2.651,13.569,4,0.964,-0.036663984,1.151715161,,,0.097,-2.3330443,0.114811206,0.100622407,0.099687153,7,clump
263,32,30.8,3.42751469,3.761,13.569,4,1.278,0.245296356,0.898083742,,,0.122,-2.103734234,0.08733482,0.232,0.097245743,7,clump
264,32,31.5,3.449987546,3.88,13.569,4,1.373,0.316998127,0.889458945,,,0.15,-1.897119985,0.099412871,0.274,0.111767802,7,clump
16,2,28.22,3.340030946,3.37,13.664,4,1.474,0.387979794,1.421741642,,,0.091,-2.396895772,0.087940192,0.061736771,0.061853848,8,clump
17,2,29.17,3.373140784,2.771,13.239,4,1.093,0.088926209,0.935168485,,,0.096,-2.343407088,0.082812489,0.087831656,0.08855355,8,clump
18,2,32.11,3.469167508,3.695,13.239,4,1.315,0.273836666,0.794744299,,,0.158,-1.845160246,0.098047697,0.281,0.123370117,8,clump
19,2,27.99,3.331847304,3.403,13.239,4,1.734,0.550430878,1.722813139,,,0.109,-2.216407397,0.108333585,0.062860438,0.062881796,8,clump
42,7,26.77,3.287281858,2.969,15.649,6,1.392,0.330741562,1.625143466,,,0.123,-2.095570924,0.14243862,0.088362069,0.087646797,8,clump
43,7,27.47,3.3130945,3.324,18.413,6,1.185,0.169742775,1.26005522,,,0.127,-2.063568193,0.134609304,0.107172996,0.106828099,8,clump
44,7,24.48,3.197856458,2.443,18.413,6,1.151,0.14063113,1.857451922,,,0.066,-2.718100537,0.103866942,0.057341442,0.055919047,8,clump
45,7,28,3.33220451,2.995,18.413,6,1.273,0.24137632,1.263152845,,,0.111,-2.198225078,0.110186272,0.087195601,0.087231147,8,clump
46,7,31.42,3.447444633,3.379,18.413,6,1.31,0.270027137,0.856494337,,,0.159,-1.838851077,0.106300788,0.247,0.124111489,8,clump
47,7,29.36,3.379633204,3.303,18.413,6,1.212,0.192271888,1.012897009,,,0.148,-1.910543005,0.12485761,0.122112211,0.123267824,8,clump
201,26,27.1,3.299533728,2.427,4.856,2,0.964,-0.036663984,1.076633218,,,0.089,-2.419118909,0.098823879,0.092323651,0.091789736,8,clump
202,26,30.35,3.412796518,5.574,8.001,2,1.158,0.146694379,0.858289217,,,0.157,-1.851509474,0.118209365,0.292,0.137726728,8,clump
328,39,28.3,3.342861805,3.437,6.359,2,1.468,0.38390093,1.401518173,,,0.134,-2.009915479,0.128243063,0.091280654,0.091502961,8,clump
329,39,25.7,3.246490992,2.478,5.915,2,0.901,-0.104250021,1.219288447,,,0.09,-2.407945609,0.119874954,0.099889012,0.098315501,8,clump
38,6,33.93,3.524299579,4.456,17.751,4,1.541,0.432431556,0.76283154,,,0.178,-1.725971729,0.091426885,0.283,0.119851999,9,clump
39,6,28.43,3.347444926,2.889,14.543,4,1.066,0.063913326,1.000978034,,,0.136,-1.995100393,0.128127053,0.127579737,0.128001863,9,clump
40,6,32.65,3.485844856,4.24,14.543,4,1.579,0.456791735,0.898389304,,,0.198,-1.619488248,0.116038584,0.293,0.129162918,9,clump
41,6,30.65,3.422632662,2.958,14.543,4,1.047,0.045928932,0.748872569,,,0.141,-1.958995389,0.102640587,0.247,0.137060151,9,clump
203,27,29.6,3.387774361,3.633,12.918,3,1.479,0.391366184,1.200139568,,,0.177,-1.731605546,0.145210913,0.119675456,0.120995022,9,clump
204,27,26.9,3.292126287,3.007,12.024,3,1.371,0.315540401,1.572800996,,,0.131,-2.032557956,0.149202992,0.095550693,0.094864508,9,clump
205,27,25.9,3.254242969,2.692,12.024,3,0.965,-0.035627178,1.269760292,,,0.114,-2.171556831,0.147857452,0.118134715,0.116445169,9,clump
205,27,25.9,3.254242969,2.692,12.024,3,0.965,-0.035627178,1.269760292,,,0.114,-2.171556831,0.147857452,0.118134715,0.116445169,9,clump
183,23,26.9,3.292126287,3.108,22.697,8,1.187,0.171429116,1.361717566,,,0.079,-2.538307427,0.089977377,0.066554339,0.066076387,10,clump
184,23,28.8,3.360375387,3.124,24.202,8,1.146,0.136277618,1.026888727,,,0.081,-2.513306124,0.073000418,0.070680628,0.071088927,10,clump
185,23,29.1,3.370738174,2.986,24.202,8,1.066,0.063913326,0.920034597,,,0.095,-2.353878387,0.082627994,0.089118199,0.08980966,10,clump
186,23,22.6,3.117949906,3.259,24.202,8,1.111,0.105260511,2.394313883,,,0.108,-2.225624052,0.223557049,0.097209721,0.093369984,10,clump
187,23,20.7,3.0301337,2.537,24.202,8,0.894,-0.112049504,2.647673585,,,0.112,-2.189256408,0.3133259,0.125279642,0.118340079,10,clump
188,23,27.8,3.325036021,2.716,24.202,8,1.044,0.043059489,1.063158246,,,0.104,-2.26336438,0.10580745,0.099616858,0.099521826,10,clump
189,23,27.7,3.321432413,3.406,24.202,8,1.128,0.120446153,1.163782735,,,0.117,-2.145581344,0.120513809,0.103723404,0.103553529,10,clump
190,23,30.2,3.407841924,3.066,24.202,8,1.143,0.133656385,0.862503113,,,0.107,-2.234926445,0.08194388,0.211,0.095007054,10,clump
315,37,29.3,3.377587516,4.302,17.774,5,1.64,0.494696242,1.380774115,,,0.133,-2.017406151,0.112993188,0.081097561,0.081833217,10,clump
316,37,29.8,3.394508394,3.287,15.226,5,1.156,0.14496577,0.915449797,,,0.103,-2.273026291,0.082571847,0.089100346,0.090198116,10,clump
317,37,26.4,3.27336401,2.787,15.226,5,1.021,0.020782539,1.25360034,,,0.094,-2.364460497,0.114178134,0.092066601,0.091080172,10,clump
318,37,28,3.33220451,3.035,15.226,5,1.15,0.139761942,1.141104298,,,0.118,-2.137070655,0.117134956,0.102608696,0.102650525,10,clump
319,37,26.8,3.288401888,1.815,15.226,5,0.673,-0.396009949,0.782540249,,,0.079,-2.538307427,0.091134183,0.117384844,0.11645942,10,clump
31,4,28.61,3.353756307,2.167,14.422,5,1.053,0.051643233,0.966436448,,,0.092,-2.385966702,0.084818021,0.087369421,0.087763682,11,clump
32,4,28.03,3.333275365,3.037,15.867,5,1.189,0.173112618,1.175237972,,,0.126,-2.071473372,0.124617742,0.105971405,0.106036177,11,clump
33,4,29.65,3.389462125,3.371,15.867,5,1.443,0.36672428,1.163795034,,,0.135,-2.002480501,0.11011478,0.093555094,0.094616987,11,clump
34,4,31.26,3.442339325,3.646,15.867,5,1.367,0.312618558,0.910433028,,,0.138,-1.980501594,0.093890892,0.261,0.103127731,11,clump
35,4,32.19,3.471655845,3.646,15.867,5,1.939,0.662172376,1.161361562,,,0.121,-2.111964733,0.074449019,0.237,0.064104945,11,clump
122,12,29.99,3.400863993,3.721,22.527,7,1.268,0.237440856,0.981305023,,,0.12,-2.120263536,0.094125767,0.094637224,0.09591897,11,clump
123,12,30.4,3.414442608,3.725,23.247,7,1.334,0.288181947,0.982863102,,,0.158,-1.845160246,0.118292512,0.283,0.120355023,11,clump
124,12,26.78,3.28765534,2.721,23.247,7,1.072,0.069526063,1.249856309,,,0.112,-2.189256408,0.129534161,0.104477612,0.103639242,11,clump
125,12,23.61,3.161670351,1.415,23.247,7,0.438,-0.825536369,0.805760942,,,0.075,-2.590267165,0.133628344,0.171232877,0.165841178,11,clump
126,12,30.87,3.429784839,3.812,23.247,7,1.282,0.248421358,0.893521487,,,0.141,-1.958995389,0.100153246,0.237,0.112088235,11,clump
127,12,32.77,3.489513463,4.383,23.247,7,1.499,0.404798219,0.841620857,,,0.158,-1.845160246,0.091438575,0.32,0.108645805,11,clump
128,12,28.28,3.342154841,3.47,23.247,7,1.287,0.252313929,1.231863748,,,0.164,-1.807888851,0.157335254,0.127428127,0.127721312,11,clump
133,14,25.12,3.223664342,2.609,10.013,4,0.96,-0.040821995,1.41104131,,,0.059,-2.830217835,0.084984793,0.061458333,0.060228423,11,clump
134,14,29.46,3.383033411,3.369,11.997,4,1.439,0.363948428,1.187894415,,,0.12,-2.120263536,0.100062073,0.083391244,0.084234821,11,clump
136,14,24.04,3.17971911,3.108,11.997,4,0.985,-0.015113638,1.697434589,,,0.112,-2.189256408,0.187572588,0.113705584,0.110503574,11,clump
137,14,28.3,3.342861805,2.911,11.997,4,1.001,0.0009995,0.955667364,,,0.116,-2.154165088,0.111016383,0.115884116,0.116166343,11,clump
164,19,30.3,3.411147713,4.425,41.921,4,1.466,0.382537603,1.093078191,,,0.161,-1.826350914,0.121908565,0.302,0.111527762,11,clump
165,19,25.9,3.254242969,2.518,14.5,4,1.079,0.076034686,1.419763063,,,0.107,-2.234926445,0.138778486,0.099165894,0.097747638,11,clump
166,19,29.7,3.391147046,3.503,14.5,4,0.952,-0.049190244,0.763129384,,,0.143,-1.944910649,0.115967948,0.150210084,0.151963679,11,clump
167,19,29.9,3.39785848,4.054,14.5,4,1.236,0.211880359,0.967004162,,,0.154,-1.870802677,0.122046436,0.124595469,0.12621087,11,clump
20,3,27.05,3.297687005,2.517,24.295,9,1.05,0.048790164,1.180547207,,,0.115,-2.162823151,0.128505189,0.10952381,0.108852224,12,clump
21,3,31.03,3.434954478,3.676,28.74,9,1.589,0.463104888,1.086959704,,,0.118,-2.137070655,0.082343074,0.23,0.075755406,12,clump
22,3,27.79,3.324676244,3.208,28.74,9,1.206,0.187309098,1.229731628,,,0.092,-2.385966702,0.093714474,0.07628524,0.076207257,12,clump
23,3,32.55,3.482777369,4.074,28.74,9,1.509,0.41144718,0.868148901,,,0.189,-1.666008264,0.111935658,0.299,0.128936013,12,clump
24,3,30.64,3.422306345,3.403,28.74,9,1.333,0.287432041,0.954562588,,,0.147,-1.917322692,0.10712811,0.262,0.112227434,12,clump
25,3,28.88,3.363149314,2.641,28.74,9,1.019,0.018821754,0.903965664,,,0.111,-2.198225078,0.099090308,0.108930324,0.109617336,12,clump
26,3,28.19,3.338967305,3.18,28.74,9,1.169,0.156148682,1.131904824,,,0.112,-2.189256408,0.108629673,0.095808383,0.095970677,12,clump
27,3,28.51,3.350254903,2.969,28.74,9,1.133,0.124868982,1.053124115,,,0.122,-2.103734234,0.113835032,0.107678729,0.108092703,12,clump
28,3,30.6,3.421000009,3.072,28.74,9,1.042,0.041141943,0.749714188,,,0.115,-2.162823151,0.084184068,0.192,0.112288214,12,clump
58,9,26.85,3.290265821,3.24,15.97,6,1.103,0.09803374,1.273904163,,,0.114,-2.171556831,0.130671987,0.103354488,0.102575995,13,clump
59,9,26.21,3.266141017,2.746,13.2029,6,1.041,0.04018179,1.312017682,,,0.093,-2.375155786,0.115797084,0.089337176,0.088258783,13,clump
60,9,25.22,3.227637331,2.577,13.2029,6,1.08,0.076961041,1.564754223,,,0.103,-2.273026291,0.146355198,0.09537037,0.093532387,13,clump
61,9,24.75,3.208825489,2.2129,13.2029,6,0.918,-0.085557888,1.423770597,,,0.08,-2.525728644,0.121250517,0.087145969,0.085161554,13,clump
62,9,22.46,3.111735949,2.047,13.2029,6,0.834,-0.181521877,1.83824047,,,0.091,-2.396895772,0.192425446,0.10911271,0.104679148,13,clump
63,9,14.28,2.658859957,0.38,13.2029,6,0.146,-1.924148657,1.657968669,,,0.022,-3.816712826,0.21991836,0.150684932,0.132643254,13,clump
48,8,29,3.36729583,3.039,31.746,10,1.229,0.206200831,1.074015885,,,0.134,-2.009915479,0.117933238,0.109031733,0.10980586,14,clump
49,8,31.12,3.437850699,4.307,32.792,10,1.826,0.602127782,1.236052843,,,0.116,-2.154165088,0.080147275,0.227,0.064841301,14,clump
50,8,22.93,3.132446097,1.813,32.792,10,0.685,-0.378336441,1.400772051,,,0.071,-2.645075402,0.139839222,0.103649635,0.099830106,14,clump
51,8,26.99,3.295466427,3.215,32.792,10,1.127,0.119559235,1.277347459,,,0.124,-2.087473713,0.139621516,0.110026619,0.109305824,14,clump
52,8,26.59,3.280535205,3.162,32.792,10,1.153,0.142367241,1.379394534,,,0.125,-2.079441542,0.148143525,0.108412836,0.1073975,14,clump
53,8,27.23,3.304319307,2.838,32.792,10,1.018,0.017839918,1.117416013,,,0.11,-2.207274913,0.120153336,0.10805501,0.107527845,14,clump
54,8,29.78,3.393837027,4.066,32.792,10,1.308,0.268499253,1.038340821,,,0.134,-2.009915479,0.107671226,0.102446483,0.103695457,14,clump
55,8,28.93,3.364879119,3.087,32.792,10,1.258,0.229523158,1.109018742,,,0.13,-2.040220829,0.115365189,0.103338633,0.104024562,14,clump
56,8,30.53,3.418709807,3.641,32.792,10,1.309,0.269263487,0.949660095,,,0.157,-1.851509474,0.115835925,0.274,0.121976195,14,clump
57,8,30.07,3.403527997,3.624,32.792,10,1.42,0.350656872,1.088390918,,,0.156,-1.857899272,0.121250489,0.25,0.111403437,14,clump
320,38,23.1,3.139832618,1.664,23.378,8,0.565,-0.570929548,1.124896732,,,0.045,-3.101092789,0.086413179,0.079646018,0.076818766,14,clump
321,38,29.9,3.39785848,3.445,21.537,8,1.299,0.261594738,1.016293209,,,0.124,-2.087473713,0.098271157,0.095458045,0.096695674,14,clump
322,38,26.7,3.284663565,2.618,21.537,8,0.967,-0.033556784,1.139712424,,,0.112,-2.189256408,0.130870257,0.11582213,0.114827437,14,clump
323,38,32.8,3.490428515,3.077,21.537,8,1.156,0.14496577,0.646895447,,,0.103,-2.273026291,0.059421895,0.224,0.091857031,14,clump
324,38,30.8,3.42751469,3.751,21.537,8,1.401,0.337186267,0.984519032,,,0.121,-2.111964733,0.086618961,0.259,0.087980992,14,clump
325,38,30.1,3.404525172,3.43,21.537,8,1.298,0.260824618,0.991296454,,,0.129,-2.047942875,0.099922476,0.245,0.100799792,14,clump
326,38,16.6,2.809402695,0.513,21.537,8,0.194,-1.63989712,1.277467987,,,0.03,-3.506557897,0.178939851,0.154639175,0.140073843,14,clump
327,38,28.5,3.349904087,3.039,21.537,8,1.215,0.194744077,1.130778283,,,0.118,-2.137070655,0.110235302,0.097119342,0.097486221,14,clump
170,21,31.1,3.437207819,3.827,11.403,3,1.56,0.444685821,1.058452967,,,0.103,-2.273026291,0.071322351,0.275,0.06738358,17,clump
171,21,33.7,3.517497837,3.987,11.599,3,1.493,0.400787519,0.757493902,,,0.143,-1.944910649,0.075183413,0.276,0.099252829,17,clump
172,21,29.9,3.39785848,3.785,11.599,3,1.429,0.356974899,1.118000767,,,0.132,-2.024953356,0.104611231,0.092372288,0.09356991,17,clump
173,22,34.5,3.540959324,4.243,30.091,10,1.633,0.490418814,0.761063046,,,0.136,-1.995100393,0.065974479,0.25,0.086687272,17,clump
174,22,32.3,3.47506723,3.484,32.004,10,1.303,0.264669298,0.770851744,,,0.124,-2.087473713,0.075407335,0.243,0.097823395,17,clump
175,22,22.4,3.109060959,1.931,32.004,10,0.577,-0.549913012,1.284155337,,,0.093,-2.375155786,0.198467228,0.16117851,0.154550795,17,clump
176,22,25.6,3.242592351,2.535,32.004,10,1.115,0.108854405,1.53033238,,,0.079,-2.538307427,0.106640106,0.070852018,0.069684277,17,clump
177,22,29.1,3.370738174,3.793,32.004,10,1.319,0.276873874,1.138391777,,,0.156,-1.857899272,0.135683864,0.118271418,0.119189076,17,clump
178,22,30.1,3.404525172,3.523,32.004,10,1.364,0.310421559,1.041701359,,,0.121,-2.111964733,0.093725734,0.231,0.089973708,17,clump
179,22,31.4,3.446807893,3.408,32.004,10,1.215,0.194744077,0.796215314,,,0.128,-2.055725015,0.085762579,0.265,0.107712798,17,clump
180,22,29.7,3.391147046,2.445,32.004,10,1.03,0.029558802,0.825654691,,,0.096,-2.343407088,0.077852609,0.093203883,0.094291972,17,clump
181,22,27.9,3.328626689,3.164,32.004,10,1.212,0.192271888,1.21830206,,,0.133,-2.017406151,0.133655176,0.109735974,0.109706107,17,clump
182,22,29.4,3.380994674,3.478,32.004,10,1.306,0.266969031,1.086089,,,0.129,-2.047942875,0.108321565,0.098774885,0.09973544,17,clump
300,35,28.4,3.346389145,3.033,14.817,15,1.083,0.079734968,1.020835208,,,0.103,-2.273026291,0.097389442,0.095106187,0.095401727,17,clump
301,35,30.7,3.424262655,3.517,13.481,15,1.483,0.394067063,1.054483543,,,0.105,-2.253794929,0.076008337,0.188,0.072081103,17,clump
302,35,28.9,3.363841595,3.456,13.481,15,1.381,0.322807874,1.222033361,,,0.12,-2.120263536,0.106870589,0.086893555,0.087453086,17,clump
303,35,29.4,3.380994674,3.185,13.481,15,1.128,0.120446153,0.938061556,,,0.102,-2.282782466,0.085649609,0.090425532,0.091304892,17,clump
304,35,14.6,2.681021529,0.29,13.481,15,0.13,-2.040220829,1.362465735,,,0.024,-3.729701449,0.22235019,0.184615385,0.163196904,17,clump
191,24,26.7,3.284663565,3.178,22.78,8,1.449,0.370873663,1.707800726,,,0.112,-2.189256408,0.130870257,0.077294686,0.076630871,18,clump
192,24,30.7,3.424262655,2.902,20.968,8,1.144,0.134530893,0.813438418,,,0.129,-2.047942875,0.093381671,0.234,0.114798698,18,clump
193,24,26.9,3.292126287,2.538,20.968,8,1.077,0.074179398,1.235526384,,,0.118,-2.137070655,0.134396589,0.109563603,0.108776786,18,clump
194,24,27.3,3.306886702,2.428,20.968,8,0.958,-0.042907501,1.041828662,,,0.08,-2.525728644,0.086618103,0.083507307,0.083140449,18,clump
195,24,29.4,3.380994674,4.24,20.968,8,1.639,0.4940863,1.363016747,,,0.154,-1.870802677,0.129314116,0.093959732,0.094873461,18,clump
196,24,26.7,3.284663565,2.546,20.968,8,0.978,-0.022245609,1.152677094,,,0.116,-2.154165088,0.135544194,0.118609407,0.117590776,18,clump
197,24,30.5,3.417726684,2.818,20.968,8,0.949,-0.05234648,0.690940052,,,0.099,-2.312635429,0.073289761,0.21,0.106072532,18,clump
198,24,16.5,2.803360381,0.318,20.968,8,0.185,-1.687399454,1.245143554,,,0.029,-3.540459449,0.176597531,0.156756757,0.141829053,18,clump
210,29,29.7,3.391147046,3.945,40.581,11,1.479,0.391366184,1.185576007,,,0.118,-2.137070655,0.095693832,0.079783638,0.080715054,18,clump
211,29,28.9,3.363841595,3.696,31.41,11,1.669,0.512224645,1.476881738,,,0.125,-2.079441542,0.11132353,0.074895147,0.075377417,18,clump
212,29,27.9,3.328626689,2.943,31.41,11,1.035,0.034401427,1.040381709,,,0.116,-2.154165088,0.116571432,0.112077295,0.112046791,18,clump
213,29,30,3.401197382,3.308,31.41,11,1.333,0.287432041,1.03036425,,,0.148,-1.910543005,0.115955772,0.111027757,0.112538621,18,clump
214,29,29.1,3.370738174,2.895,31.41,11,1.151,0.14063113,0.993395705,,,0.121,-2.111964733,0.105241972,0.105125977,0.105941642,18,clump
215,29,28.2,3.339321978,2.49,31.41,11,1.037,0.036331929,1.002805157,,,0.138,-1.980501594,0.133684545,0.133076181,0.133310588,18,clump
216,29,30.7,3.424262655,3.355,31.41,11,1.488,0.397432936,1.058038781,,,0.152,-1.883874758,0.110031116,0.261,0.103995353,18,clump
217,29,25,3.218875825,2.303,31.41,11,0.874,-0.134674903,1.307098077,,,0.074,-2.603690186,0.10835627,0.084668192,0.082898347,18,clump
218,29,22.4,3.109060959,1.613,31.41,11,0.673,-0.396009949,1.497810298,,,0.087,-2.44184716,0.185662891,0.129271917,0.123956212,18,clump
219,29,27.4,3.310543013,2.356,31.41,11,0.955,-0.046043939,1.02491042,,,0.122,-2.103734234,0.130446358,0.127748691,0.127275863,18,clump
220,29,27.6,3.317815773,2.506,31.41,11,1.085,0.081579987,1.134170731,,,0.087,-2.44184716,0.09073141,0.080184332,0.079998017,18,clump
305,36,28.1,3.335769576,3.189,29.325,15,1.154,0.143234168,1.130390516,,,0.127,-2.063568193,0.124536771,0.110051993,0.110171458,19,clump
306,36,25.6,3.242592351,2.262,29.134,15,0.772,-0.258770729,1.059566455,,,0.019,-3.9633163,0.02564762,0.024611399,0.024205769,19,clump
307,36,32.6,3.484312288,4.74,29.134,15,1.543,0.433728573,0.882790779,,,0.12,-2.120263536,0.070697073,0.318,0.080083611,19,clump
308,36,25.3,3.230804396,2.241,29.134,15,0.792,-0.233193887,1.134405881,,,0.09,-2.407945609,0.126501501,0.113636364,0.111513439,19,clump
309,36,29.7,3.391147046,3.802,29.134,15,1.263,0.233489843,1.012429004,,,0.168,-1.7837913,0.136242065,0.133016627,0.1345695,19,clump
310,36,28.1,3.335769576,2.899,29.134,15,1.157,0.145830448,1.13332914,,,0.091,-2.396895772,0.089235009,0.078651685,0.078737064,19,clump
311,36,25.6,3.242592351,2.866,29.134,15,1.07,0.067658648,1.468570086,,,0.109,-2.216407397,0.147136349,0.101869159,0.100190212,19,clump
312,36,30.4,3.414442608,3.255,29.134,15,1.28,0.246860078,0.943077039,,,0.132,-2.024953356,0.098826655,0.272,0.10479171,19,clump
313,36,27.5,3.314186005,3.195,29.134,15,1.063,0.061095099,1.125870623,,,0.034,-3.381394754,0.035902471,0.031984948,0.031888629,19,clump
314,36,17.8,2.879198457,0.685,29.134,15,0.241,-1.422958345,1.232639863,,,0.035,-3.352407217,0.164317567,0.145228216,0.133305413,19,clump
485,47,27.7,3.321432413,2.552,28.941,10,0.846,-0.167235919,0.872837051,,,0.07,-2.659260037,0.072102279,0.082742317,0.082606803,20,clump
486,47,27.5,3.314186005,2.883,31.344,10,1,0,1.059144518,,,0.088,-2.430418465,0.092924042,0.088,0.087734997,20,clump
487,47,33.2,3.502549876,4.366,31.344,10,1.59,0.463734016,0.851563103,,,0.119,-2.128631786,0.065856689,0.074842767,0.077336241,20,clump
488,47,31.1,3.437207819,4.39,31.344,10,1.885,0.633927821,1.278964001,,,0.172,-1.760260802,0.119101401,0.091246684,0.093123341,20,clump
489,47,31.4,3.446807893,4.115,31.344,10,1.511,0.412771683,0.990190403,,,0.139,-1.973281346,0.093132801,0.091992058,0.094055447,20,clump
490,47,28.7,3.356897123,2.718,31.344,10,0.949,-0.05234648,0.861139124,,,0.103,-2.273026291,0.0939418,0.1085353,0.109090154,20,clump
491,47,23.3,3.148453361,2.045,31.344,10,0.769,-0.262664309,1.48401223,,,0.089,-2.419118909,0.165926501,0.11573472,0.111809389,20,clump
492,47,27.1,3.299533728,2.429,31.344,10,0.973,-0.027371197,1.086684773,,,0.11,-2.207274913,0.122141873,0.113052415,0.112398624,20,clump
493,47,28,3.33220451,3.199,31.344,10,1.032,0.031498667,1.024017075,,,0.118,-2.137070655,0.117134956,0.114341085,0.114387698,20,clump
494,47,28.2,3.339321978,2.647,31.344,10,1.072,0.069526063,1.03665104,,,0.113,-2.18036746,0.109466331,0.105410448,0.105596123,20,clump
149,18,25.66,3.244933359,1.623,30.551,13,0.668,-0.403467105,0.909090159,,,0.066,-2.718100537,0.088379223,0.098802395,0.097217225,23,clump
150,18,27.98,3.331489969,2.899,38.292,13,1.095,0.090754363,1.089343842,,,0.099,-2.312635429,0.098515396,0.090410959,0.090435537,23,clump
151,18,29.16,3.372797907,3.463,38.292,13,1.256,0.227932068,1.075965615,,,0.101,-2.292634762,0.087228166,0.080414013,0.081069659,23,clump
152,18,27.28,3.306153833,2.988,38.292,13,1.107,0.101653654,1.207064814,,,0.099,-2.312635429,0.107459689,0.089430894,0.089025616,23,clump
153,18,32.77,3.489513463,4.456,38.292,13,1.506,0.409457129,0.845551041,,,0.165,-1.801809805,0.095489652,0.276,0.11293186,23,clump
154,18,27.52,3.314913013,2.798,38.292,13,1.25,0.223143551,1.320450947,,,0.089,-2.419118909,0.093745936,0.0712,0.070995395,23,clump
155,18,24.26,3.188828904,2.286,38.292,13,0.87,-0.139262067,1.450621612,,,0.082,-2.501036032,0.133105187,0.094252874,0.091757344,23,clump
156,18,30.65,3.422632662,3.807,38.292,13,1.358,0.306013029,0.971317047,,,0.141,-1.958995389,0.102640587,0.272,0.10567156,23,clump
157,18,32.49,3.48093235,3.833,38.292,13,1.477,0.390013004,0.855433226,,,0.123,-2.095570924,0.073309483,0.266,0.085698663,23,clump
160,18,26.76,3.286908235,2.357,38.292,13,1.752,0.560757993,2.048207544,,,0.099,-2.312635429,0.114792734,0.056506849,0.05604546,23,clump
161,18,31.24,3.441699325,3.374,38.292,13,1.265,0.235072122,0.844454372,,,0.1,-2.302585093,0.068186397,0.229,0.0807461,23,clump
162,18,27.67,3.320348794,4.015,38.292,13,1.426,0.354873322,1.47701853,,,0.133,-2.017406151,0.137504459,0.093267882,0.093095961,23,clump
163,18,14.07,2.644044871,0.393,38.292,13,0.154,-1.870802677,1.845166931,,,0.024,-3.729701449,0.252417259,0.155844156,0.136799145,23,clump
287,34,29.9,3.39785848,3.968,43.565,13,1.527,0.423305026,1.194672618,,,0.157,-1.851509474,0.124423964,0.102815979,0.104149005,23,clump
288,34,29.2,3.374168709,3.792,44.729,13,1.415,0.347129531,1.206174359,,,0.145,-1.931021537,0.124641131,0.102473498,0.103335915,23,clump
289,34,32.2,3.471966453,3.872,44.729,13,1.376,0.31918074,0.823227279,,,0.155,-1.864330162,0.095267028,0.287,0.115723847,23,clump
290,34,30.1,3.404525172,2.415,44.729,13,1.1,0.09531018,0.840081741,,,0.107,-2.234926445,0.082881434,0.238,0.098658773,23,clump
291,34,35.1,3.55820113,4.093,44.729,13,1.574,0.45362015,0.689179802,,,0.162,-1.820158944,0.074074404,0.312,0.107481971,23,clump
292,34,33.3,3.505557397,4.41,44.729,13,1.569,0.450438474,0.831216954,,,0.15,-1.897119985,0.082160693,0.31,0.098843861,23,clump
293,34,25.6,3.242592351,2.439,44.729,13,0.909,-0.095410185,1.247598326,,,0.087,-2.44184716,0.117439104,0.095709571,0.094132143,23,clump
294,34,29.6,3.387774361,4.041,44.729,13,1.488,0.397432936,1.207442648,,,0.16,-1.832581464,0.131264102,0.107526882,0.108712494,23,clump
295,34,30.7,3.424262655,3.926,44.729,13,1.624,0.484892242,1.15474125,,,0.147,-1.917322692,0.106411671,0.292,0.092151962,23,clump
296,34,25.6,3.242592351,2.286,44.729,13,0.998,-0.002002003,1.369750417,,,0.101,-2.292634762,0.136337351,0.101202405,0.099534447,23,clump
297,34,28,3.33220451,2.431,44.729,13,0.959,-0.041864204,0.951581758,,,0.111,-2.198225078,0.110186272,0.115745568,0.115792753,23,clump
298,34,31.1,3.437207819,3.543,44.729,13,1.267,0.236651901,0.859653788,,,0.16,-1.832581464,0.110792001,0.308,0.128879792,23,clump
299,34,31.4,3.446807893,3.513,44.729,13,1.45,0.371563556,0.950215807,,,0.076,-2.577021939,0.050921532,0.212,0.053589439,23,clump
330,40,27.4,3.310543013,3.591,27.579,10,1.197,0.179818427,1.28462594,,,0.065,-2.733368009,0.069500109,0.054302423,0.054101437,24,clump
331,40,27.9,3.328626689,3.685,30.963,10,1.268,0.237440856,1.274593244,,,0.145,-1.931021537,0.14571429,0.114353312,0.114322189,24,clump
332,40,33.2,3.502549876,4.096,30.963,10,1.427,0.355574338,0.764264495,,,0.185,-1.687399454,0.102382248,0.318,0.1339618,24,clump
333,40,29.1,3.370738174,2.547,30.963,10,0.994,-0.006018072,0.857893424,,,0.109,-2.216407397,0.094804751,0.109657948,0.110508775,24,clump
334,40,27.4,3.310543013,2.693,30.963,10,0.927,-0.075801713,0.994860691,,,0.106,-2.244316185,0.113338639,0.114347357,0.11392413,24,clump
336,40,32.3,3.47506723,3.623,30.963,10,1.376,0.31918074,0.814038373,,,0.128,-2.055725015,0.07783983,0.281,0.095621818,24,clump
337,40,26.9,3.292126287,2.796,30.963,10,1.166,0.153579088,1.337626522,,,0.117,-2.145581344,0.133257634,0.100343053,0.099622452,24,clump
338,40,27.2,3.303216973,2.833,30.963,10,1.038,0.037295785,1.143924852,,,0.103,-2.273026291,0.11293341,0.099229287,0.098724501,24,clump
339,40,24,3.17805383,2.299,30.963,10,0.987,-0.01308524,1.711165565,,,0.094,-2.364460497,0.158328775,0.095238095,0.092526859,24,clump
340,40,28.7,3.356897123,2.8,30.963,10,1.145,0.135404637,1.038992936,,,0.115,-2.162823151,0.104886476,0.100436681,0.100950134,24,clump
467,46,31.1,3.437207819,3.075,51.728,14,1.237,0.212689093,0.839298923,,,0.07,-2.659260037,0.0484715,0.056588521,0.057752368,25,clump
468,46,30.7,3.424262655,3.83,97.316,14,1.423,0.352767319,1.011820689,,,0.127,-2.063568193,0.091933893,0.089248067,0.090859867,25,clump
469,46,30.5,3.417726684,4.234,97.316,14,1.557,0.442760893,1.133607651,,,0.108,-2.225624052,0.079952466,0.069364162,0.070529222,25,clump
470,46,31.8,3.45946629,3.711,97.316,14,1.246,0.21993842,0.779958405,,,0.145,-1.931021537,0.09302497,0.116372392,0.119269142,25,clump
471,46,27,3.295836866,3.114,97.316,14,1.189,0.173112618,1.34581264,,,0.118,-2.137070655,0.132696924,0.099243061,0.098599849,25,clump
472,46,31.5,3.449987546,31.5,97.316,14,1.387,0.327143141,0.898528446,,,0.147,-1.917322692,0.097424614,0.105984138,0.108426855,25,clump
473,46,30.3,3.411147713,30.3,97.316,14,1.069,0.066723632,0.797067249,,,0.098,-2.3227878,0.074205213,0.091674462,0.093097808,25,clump
475,46,26.7,3.284663565,2.925,97.316,14,1.068,0.065787741,1.258751674,,,0.121,-2.111964733,0.141386617,0.11329588,0.112322883,25,clump
477,46,29.3,3.377587516,3.039,97.316,14,1.116,0.109750864,0.939599946,,,0.12,-2.120263536,0.101948741,0.107526882,0.108502285,25,clump
479,46,30.1,3.404525172,3.173,97.316,14,1.208,0.1889661,0.922562494,,,0.139,-1.973281346,0.107668405,0.115066225,0.116705812,25,clump
480,46,22.4,3.109060959,1.963,97.316,14,0.775,-0.25489225,1.724818694,,,0.08,-2.525728644,0.170724497,0.103225806,0.098981126,25,clump
482,46,26.1,3.261935314,2.617,97.316,14,1.083,0.079734968,1.385892021,,,0.086,-2.453407983,0.108637076,0.079409049,0.078387836,25,clump
483,46,29.5,3.384390263,1.258,97.316,14,0.486,-0.721546655,0.399227221,,,0.061,-2.796881415,0.050628712,0.125514403,0.126816783,25,clump
484,46,30.5,3.417726684,2.577,97.316,14,1,0,0.728071709,,,0.128,-2.055725015,0.094758478,0.128,0.130149925,25,clump
265,33,26.3,3.269568939,2.768,57.541,22,1.102,0.097126711,1.371770185,,,0.092,-2.385966702,0.113212966,0.083484574,0.082530563,26,clump
266,33,29.8,3.394508394,2.92,61.679,22,1.213,0.19309663,0.960588757,,,0.089,-2.419118909,0.071348489,0.073371805,0.07427579,26,clump
267,33,24.3,3.19047635,2.871,61.679,22,1.116,0.109750864,1.84973306,,,0.103,-2.273026291,0.166250999,0.092293907,0.089878374,26,clump
268,33,29.5,3.384390263,3.903,61.679,22,1.558,0.443402947,1.279827182,,,0.118,-2.137070655,0.097937508,0.075738126,0.07652401,26,clump
269,33,26.9,3.292126287,2.553,61.679,22,0.985,-0.015113638,1.129984669,,,0.106,-2.244316185,0.120729139,0.107614213,0.106841395,26,clump
270,33,27.2,3.303216973,3.378,61.679,22,1.302,0.263901544,1.434865277,,,0.118,-2.137070655,0.129380023,0.0906298,0.09016876,26,clump
271,33,28.7,3.356897123,3.206,61.679,22,1.19,0.173953307,1.07982672,,,0.106,-2.244316185,0.096677969,0.08907563,0.089531003,26,clump
272,33,18,2.890371758,0.778,61.679,22,0.285,-1.255266099,1.39990307,,,0.048,-3.036554268,0.216876803,0.168421053,0.154922728,26,clump
273,33,25.1,3.222867846,2.66,61.679,22,1.145,0.135404637,1.687820235,,,0.105,-2.253794929,0.151657884,0.091703057,0.089854287,26,clump
274,33,28.6,3.353406718,3.771,61.679,22,1.517,0.4167347,1.394055664,,,0.106,-2.244316185,0.097842362,0.069874753,0.070185406,26,clump
275,33,28.6,3.353406718,3.424,61.679,22,1.384,0.324977857,1.271834568,,,0.133,-2.017406151,0.122764473,0.096098266,0.096525505,26,clump
276,33,29.4,3.380994674,3.646,61.679,22,1.244,0.218331994,1.034528879,,,0.148,-1.910543005,0.124275904,0.118971061,0.120128018,26,clump
277,33,24.2,3.186352633,2.318,61.679,22,0.296,-1.217395825,0.497988898,,,0.094,-2.364460497,0.153885502,0.317567568,0.309013922,26,clump
278,33,25.1,3.222867846,2.095,61.679,22,0.818,-0.200892942,1.205796465,,,0.074,-2.603690186,0.106882699,0.090464548,0.088640747,26,clump
279,33,28.5,3.349904087,3.063,61.679,22,1.045,0.044016885,0.972562392,,,0.11,-2.207274913,0.102761722,0.105263158,0.105660802,26,clump
280,33,23.3,3.148453361,2.366,61.679,22,0.997,-0.003004509,1.924005453,,,0.087,-2.44184716,0.162197816,0.087261785,0.08430216,26,clump
281,33,26.8,3.288401888,3.218,61.679,22,1.13,0.122217633,1.31392345,,,0.117,-2.145581344,0.134970879,0.103539823,0.102723548,26,clump
282,33,26.6,3.280911216,2.456,61.679,22,0.909,-0.095410185,1.086005271,,,0.08,-2.525728644,0.094689654,0.088008801,0.087190787,26,clump
283,33,26.8,3.288401888,2.834,61.679,22,1.136,0.12751332,1.320900034,,,0.104,-2.26336438,0.119974115,0.091549296,0.090827551,26,clump
284,33,28.9,3.363841595,2.751,61.679,22,0.973,-0.027371197,0.860998161,,,0.089,-2.419118909,0.079262354,0.091469681,0.092058679,26,clump
285,33,27.6,3.317815773,2.643,61.679,22,1.058,0.056380333,1.105947128,,,0.095,-2.353878387,0.099074528,0.08979206,0.089583422,26,clump
286,33,25.2,3.226843995,2.057,61.679,22,0.837,-0.177931208,1.216172208,,,0.075,-2.590267165,0.106859704,0.089605735,0.087865603,26,clump
448,45,27.4,3.310543013,2.59,54.717,19,0.978,-0.022245609,1.049594127,,,0.107,-2.234926445,0.114407871,0.109406953,0.109002012,27,clump
449,45,26.5,3.277144733,3.226,53.144,19,1.126,0.11867153,1.363728452,,,0.091,-2.396895772,0.109110012,0.080817052,0.080008606,27,clump
450,45,28.2,3.339321978,3.068,53.144,19,1.257,0.22872793,1.215550706,,,0.109,-2.216407397,0.105591416,0.086714399,0.086867142,27,clump
451,45,27.4,3.310543013,2.366,53.144,19,1.068,0.065787741,1.146182543,,,0.098,-2.3227878,0.104784779,0.0917603,0.091420673,27,clump
452,45,32.9,3.493472658,3.529,53.144,19,1.523,0.420682074,0.842927703,,,0.11,-2.207274913,0.062801109,0.07222587,0.074503553,27,clump
453,45,27.5,3.314186005,2.298,53.144,19,0.907,-0.097612829,0.960644078,,,0.098,-2.3227878,0.103483592,0.108048512,0.107723135,27,clump
454,45,31.4,3.446807893,3.241,53.144,19,1.205,0.186479567,0.789662102,,,0.116,-2.154165088,0.077722338,0.09626556,0.098424804,27,clump
455,45,30,3.401197382,2.931,53.144,19,1.128,0.120446153,0.871906132,,,0.098,-2.3227878,0.076781524,0.086879433,0.088061686,27,clump
456,45,29.1,3.370738174,3.339,53.144,19,1.15,0.139761942,0.992532633,,,0.135,-2.002480501,0.117418729,0.117391304,0.118302134,27,clump
457,45,26.3,3.269568939,2.244,53.144,19,0.894,-0.112049504,1.112851675,,,0.096,-2.343407088,0.118135269,0.10738255,0.106155449,27,clump
458,45,28.2,3.339321978,3.212,53.144,19,1.206,0.187309098,1.16623242,,,0.1,-2.302585093,0.096872859,0.08291874,0.083064797,27,clump
459,45,29.6,3.387774361,3.694,53.144,19,1.591,0.464362749,1.291022348,,,0.149,-1.903808973,0.122239695,0.093651791,0.094684414,27,clump
460,45,25.8,3.250374492,2.322,53.144,19,1.061,0.05921186,1.415766471,,,0.1,-2.302585093,0.131431955,0.094250707,0.092834487,27,clump
461,45,26.1,3.261935314,2.589,53.144,19,1.171,0.157858085,1.498503746,,,0.093,-2.375155786,0.117479629,0.0794193,0.078397955,27,clump
462,45,30.5,3.417726684,3.487,53.144,19,1.255,0.227135573,0.913729995,,,0.133,-2.017406151,0.098459982,0.105976096,0.107756101,27,clump
463,45,27.2,3.303216973,3.02,53.144,19,1.15,0.139761942,1.267354123,,,0.113,-2.18036746,0.123897819,0.09826087,0.09776101,27,clump
464,45,28.4,3.346389145,2.922,53.144,19,1.294,0.257738196,1.219723692,,,0.091,-2.396895772,0.086043099,0.070324575,0.070543107,27,clump
465,45,25.9,3.254242969,2.574,53.144,19,1.224,0.202124184,1.61055606,,,0.082,-2.501036032,0.106353606,0.066993464,0.066035333,27,clump
466,45,15.9,2.766319109,0.492,53.144,19,0.193,-1.64506509,1.485385887,,,0.027,-3.611918413,0.186693065,0.139896373,0.125686575,27,clump
246,31,29.3,3.377587516,2.636,49.95,15,0.856,-0.155484903,0.720696733,,,0.131,-2.032557956,0.111294042,0.153037383,0.154425623,30,clump
247,31,29.2,3.374168709,3.121,40.055,15,1.18,0.165514438,1.005855649,,,0.103,-2.273026291,0.088538182,0.087288136,0.088022752,30,clump
248,31,30,3.401197382,2.888,40.055,15,1.121,0.114221144,0.866495367,,,0.116,-2.154165088,0.090884253,0.103479037,0.104887177,30,clump
249,31,28,3.33220451,3.391,40.055,15,1.309,0.269263487,1.298874371,,,0.111,-2.198225078,0.110186272,0.084797555,0.084832124,30,clump
250,31,28.9,3.363841595,2.629,40.055,15,1.038,0.037295785,0.918516024,,,0.075,-2.590267165,0.066794118,0.072254335,0.0727196,30,clump
251,31,26.6,3.280911216,2.616,40.055,15,0.96,-0.040821995,1.14693626,,,0.108,-2.225624052,0.127831033,0.1125,0.111454348,30,clump
252,31,27.4,3.310543013,2.267,40.055,15,1.146,0.136277618,1.229892504,,,0.09,-2.407945609,0.09623092,0.078534031,0.078243358,30,clump
253,31,32.6,3.484312288,3.451,40.055,15,1.258,0.229523158,0.719734802,,,0.15,-1.897119985,0.088371342,0.273,0.122783199,30,clump
254,31,26.7,3.284663565,2.243,40.055,15,0.772,-0.258770729,0.909884169,,,0.085,-2.465104022,0.099321177,0.110103627,0.109158045,30,clump
255,31,30.7,3.424262655,3.481,40.055,15,1.232,0.208638865,0.876010604,,,0.148,-1.910543005,0.10713556,0.266,0.122299388,30,clump
256,31,23.5,3.157000421,1.762,40.055,15,0.668,-0.403467105,1.249828361,,,0.055,-2.900422094,0.099576414,0.082335329,0.079672071,30,clump
257,31,32.2,3.471966453,3.403,40.055,15,1.28,0.246860078,0.765792817,,,0.096,-2.343407088,0.059004095,0.236,0.077049684,30,clump
258,31,14.3,2.660259537,0.383,40.055,15,0.131,-2.032557956,1.480111437,,,0.024,-3.729701449,0.238761991,0.183206107,0.161313523,30,clump
259,31,24.8,3.210843653,2.137,40.055,15,0.761,-0.273121921,1.17168035,,,0.063,-2.764620553,0.09482609,0.082785808,0.080931706,30,clump
260,31,29,3.36729583,3.647,40.055,15,1.204,0.185649347,1.052168532,,,0.137,-1.987774353,0.120573535,0.113787375,0.114595268,30,clump
407,43,32.2,3.471966453,3.952,69.009,19,1.445,0.368109322,0.864508298,,,0.154,-1.870802677,0.094652402,0.106574394,0.109486979,31,clump
408,43,25.5,3.238678452,2.479,55.284,19,1.071,0.068592791,1.49091743,,,0.11,-2.207274913,0.150493043,0.10270775,0.100939891,31,clump
409,43,28.2,3.339321978,3.327,55.284,19,1.395,0.332894415,1.349000187,,,0.163,-1.814005078,0.15790276,0.116845878,0.117051696,31,clump
410,43,34.3,3.535145354,4.959,55.284,19,1.931,0.658038003,0.91908808,,,0.162,-1.820158944,0.080170158,0.083894355,0.087227938,31,clump
411,43,27.2,3.303216973,3.329,55.284,19,1.26,0.231111721,1.3885793,,,0.143,-1.944910649,0.156791045,0.113492063,0.112914722,31,clump
412,43,27.3,3.306886702,3.359,55.284,19,1.293,0.2569651,1.406142443,,,0.116,-2.154165088,0.125596249,0.089713844,0.08931972,31,clump
413,43,29.5,3.384390263,3.11,55.284,19,1.186,0.170586301,0.974245853,,,0.121,-2.111964733,0.100427445,0.102023609,0.10308224,31,clump
414,43,29.2,3.374168709,2.349,55.284,19,0.845,-0.168418652,0.720294935,,,0.117,-2.145581344,0.100572499,0.138461538,0.13962683,31,clump
415,43,26.5,3.277144733,2.658,55.284,19,0.992,-0.008032172,1.201437499,,,0.1,-2.302585093,0.119901112,0.100806452,0.099798044,31,clump
416,43,28.6,3.353406718,2.563,55.284,19,1.024,0.023716527,0.941010547,,,0.105,-2.253794929,0.096919321,0.102539063,0.102994936,31,clump
417,43,31.3,3.443618098,3.526,55.284,19,1.423,0.352767319,0.94335243,,,0.15,-1.897119985,0.101608664,0.105411103,0.107710184,31,clump
418,43,30.4,3.414442608,3.389,55.284,19,1.184,0.168898536,0.872346261,,,0.118,-2.137070655,0.08834504,0.099662162,0.101272905,31,clump
419,43,23.7,3.165475048,1.82,55.284,19,0.848,-0.164874643,1.538673287,,,0.086,-2.453407983,0.151240527,0.101415094,0.098292814,31,clump
420,43,28.6,3.353406718,2.899,55.284,19,1.36,0.3074847,1.249779633,,,0.116,-2.154165088,0.107072774,0.085294118,0.085673323,31,clump
421,43,26.1,3.261935314,2.778,55.284,19,1.166,0.153579088,1.492105353,,,0.113,-2.18036746,0.142744065,0.096912521,0.095666211,31,clump
423,43,27.2,3.303216973,2.71,55.284,19,1.052,0.050693114,1.159353511,,,0.097,-2.3330443,0.106354765,0.092205323,0.091736268,31,clump
424,43,29.6,3.387774361,3.142,55.284,19,1.163,0.151002874,0.943720296,,,0.12,-2.120263536,0.098448076,0.103181427,0.104319126,31,clump
425,43,28.4,3.346389145,2.935,55.284,19,1.09,0.086177696,1.027433404,,,0.109,-2.216407397,0.103062613,0.1,0.100310748,31,clump
544,50,27.9,3.328626689,3.592,68.624,23,1.396,0.333611004,1.403258808,,,0.114,-2.171556831,0.114561579,0.081661891,0.081639665,31,clump
545,50,29.7,3.391147046,3.653,71.449,23,1.424,0.353469813,1.14148765,,,0.134,-2.009915479,0.108669266,0.094101124,0.095199686,31,clump
546,50,28.6,3.353406718,4.33,71.449,23,1.822,0.599934799,1.674337126,,,0.135,-2.002480501,0.124610556,0.074094402,0.074423815,31,clump
547,50,27.2,3.303216973,2.272,71.449,23,1.011,0.01093994,1.114169582,,,0.113,-2.18036746,0.123897819,0.111770524,0.11120194,31,clump
548,50,27.7,3.321432413,3.009,71.449,23,1.192,0.175632569,1.229812961,,,0.14,-1.966112856,0.144204557,0.117449664,0.117257308,31,clump
549,50,29.4,3.380994674,3.811,71.449,23,1.182,0.167207919,0.982968758,,,0.133,-2.017406151,0.111680373,0.112521151,0.113615384,31,clump
550,50,27.2,3.303216973,3.056,71.449,23,1.147,0.137149838,1.264047982,,,0.095,-2.353878387,0.104161883,0.08282476,0.082403425,31,clump
551,50,33.2,3.502549876,4.982,71.449,23,1.694,0.527092596,0.907262828,,,0.199,-1.614450454,0.110130093,0.117473436,0.121387199,31,clump
552,50,27.5,3.314186005,3.262,71.449,23,1.243,0.217527813,1.316516636,,,0.07,-2.659260037,0.073916851,0.056315366,0.056145778,31,clump
553,50,26.5,3.277144733,1.932,71.449,23,0.933,-0.069350078,1.129981035,,,0.084,-2.47693848,0.100716934,0.090032154,0.089131526,31,clump
554,50,25.7,3.246490992,2.365,71.449,23,0.856,-0.155484903,1.158391688,,,0.1,-2.302585093,0.133194394,0.11682243,0.114982173,31,clump
555,50,28.6,3.353406718,3.36,71.449,23,1.201,0.183154543,1.103665691,,,0.121,-2.111964733,0.11168798,0.100749376,0.101197292,31,clump
556,50,25.1,3.222867846,2.499,71.449,23,1.072,0.069526063,1.580212482,,,0.094,-2.364460497,0.135769915,0.087686567,0.085918772,31,clump
557,50,28.9,3.363841595,3.302,71.449,23,1.368,0.313349819,1.210529789,,,0.094,-2.364460497,0.083715295,0.06871345,0.069155915,31,clump
558,50,26.4,3.27336401,2.864,71.449,23,0.933,-0.069350078,1.145552514,,,0.091,-2.396895772,0.110534151,0.097534834,0.096489816,31,clump
559,50,29,3.36729583,2.744,71.449,23,1.052,0.050693114,0.919336624,,,0.046,-3.079113882,0.040484544,0.043726236,0.044036693,31,clump
560,50,24.9,3.214867803,1.998,71.449,23,0.826,-0.191160505,1.253366219,,,0.077,-2.563949857,0.114309815,0.093220339,0.091202247,31,clump
561,50,28.5,3.349904087,2.823,71.449,23,1.202,0.183986836,1.118679421,,,0.092,-2.385966702,0.085946168,0.076539101,0.076828237,31,clump
562,50,27.3,3.306886702,3.029,71.449,23,1.196,0.178982656,1.300654572,,,0.124,-2.087473713,0.134258059,0.10367893,0.103223455,31,clump
563,50,26.1,3.261935314,3.358,71.449,23,1.565,0.447885824,2.00269715,,,0.102,-2.282782466,0.128848625,0.065175719,0.064337549,31,clump
564,50,32,3.465735903,4.185,71.449,23,1.667,0.511025604,1.020075349,,,0.151,-1.890475442,0.09481326,0.090581884,0.09294731,31,clump
565,50,25.6,3.242592351,2.869,71.449,23,1.069,0.066723632,1.467197591,,,0.105,-2.253794929,0.14173685,0.098222638,0.096603791,31,clump
567,50,24.5,3.198673118,2.154,71.449,23,0.892,-0.114289146,1.435235617,,,0.074,-2.603690186,0.116131118,0.082959641,0.080914323,31,clump
64,10,30.87,3.429784839,4.251,74.413,20,1.384,0.324977857,0.964612901,,,0.129,-2.047942875,0.091629566,0.256,0.094991023,34,clump
65,10,33.58,3.513930652,4.225,61.265,20,1.496,0.40279488,0.768880884,,,0.136,-1.995100393,0.072383352,0.243,0.094141178,34,clump
66,10,30.38,3.413784497,4.347,61.265,20,1.589,0.463104888,1.173534187,,,0.126,-2.071473372,0.094547719,0.239,0.08056665,34,clump
67,10,28.81,3.360722549,2.534,61.265,20,1.081,0.077886539,0.967428046,,,0.056,-2.882403588,0.050409363,0.051803885,0.052106576,34,clump
68,10,26.71,3.285038027,2.492,61.265,20,0.858,-0.153151179,1.009874457,,,0.095,-2.353878387,0.110863536,0.110722611,0.109779523,34,clump
69,10,26.85,3.290265821,2.356,61.265,20,0.832,-0.183922838,0.96091411,,,0.086,-2.453407983,0.098577113,0.103365385,0.10258681,34,clump
70,10,29.08,3.370050653,3.118,61.265,20,1.123,0.116003676,0.971644943,,,0.101,-2.292634762,0.088054009,0.089937667,0.090623647,34,clump
71,10,27.58,3.317090872,2.219,61.265,20,0.927,-0.075801713,0.971556543,,,0.117,-2.145581344,0.122321867,0.126213592,0.125902983,34,clump
72,10,31.42,3.447444633,3.557,61.265,20,1.172,0.158711691,0.766268216,,,0.132,-2.024953356,0.088249711,0.274,0.115168173,34,clump
73,10,29.09,3.370394473,3.399,61.265,20,1.269,0.238229189,1.096601727,,,0.135,-2.002480501,0.117557235,0.106382979,0.107201395,34,clump
74,10,31.13,3.438171984,4.326,61.265,20,1.55,0.438254931,1.048003796,,,0.193,-1.64506509,0.133201613,0.268,0.127100315,34,clump
75,10,26.39,3.272985151,2.622,61.265,20,0.963,-0.037701867,1.184009723,,,0.11,-2.207274913,0.133786451,0.114226376,0.112994386,34,clump
76,10,31.79,3.459151775,4.02,61.265,20,1.485,0.395414772,0.930624147,,,0.142,-1.951928221,0.091198646,0.307,0.097997292,34,clump
77,10,16.59,2.808800104,0.679,61.265,20,0.226,-1.48722028,1.491434195,,,0.035,-3.352407217,0.209195095,0.154867257,0.140264382,34,clump
78,10,28.68,3.356200016,3.433,61.265,20,1.281,0.247641023,1.165338761,,,0.111,-2.198225078,0.101480609,0.086651054,0.087082496,34,clump
79,10,38.91,3.661251287,2.552,61.265,20,0.926,-0.076881044,0.279208674,,,0.105,-2.253794929,0.033715984,0.245,0.120755503,34,clump
80,10,28.81,3.360722549,3.386,61.265,20,1.603,0.471876874,1.434585714,,,0.115,-2.162823151,0.103519228,0.071740487,0.072159667,34,clump
81,10,30,3.401197382,3.897,61.265,20,1.407,0.341459778,1.087563766,,,0.129,-2.047942875,0.101069558,0.091684435,0.092932075,34,clump
82,10,30.13,3.405521353,3.175,61.265,20,1.161,0.149281703,0.883476369,,,0.112,-2.189256408,0.086458473,0.218,0.09786167,34,clump
83,10,18,2.890371758,0.677,61.265,20,0.214,-1.541779264,1.051155288,,,0.036,-3.324236341,0.162657602,0.168224299,0.154741744,34,clump
426,44,31.5,3.449987546,3.903,113.604,22,1.324,0.280657458,0.85771569,,,0.132,-2.024953356,0.087483327,0.099697885,0.101995717,36,clump
427,44,26.4,3.27336401,2.721,63.69,22,1.11,0.104360015,1.362875982,,,0.086,-2.453407983,0.104460846,0.077477477,0.07664736,36,clump
428,44,30,3.401197382,3.399,63.69,22,1.199,0.181487876,0.926786748,,,0.126,-2.071473372,0.098719103,0.105087573,0.106517603,36,clump
429,44,30.2,3.407841924,3.22,63.69,22,1.174,0.160416721,0.885895586,,,0.101,-2.292634762,0.077348896,0.086030664,0.087311526,36,clump
430,44,30.9,3.430756184,3.972,63.69,22,1.609,0.475612868,1.11749586,,,0.13,-2.040220829,0.092032734,0.080795525,0.08235622,36,clump
431,44,23.5,3.157000421,1.909,63.69,22,0.679,-0.387134151,1.270409367,,,0.048,-3.036554268,0.086903052,0.070692194,0.06840555,36,clump
432,44,28.5,3.349904087,3.251,63.69,22,1.365,0.311154429,1.27038054,,,0.116,-2.154165088,0.108366907,0.084981685,0.085302713,36,clump
433,44,30.6,3.421000009,2.74,63.69,22,1.053,0.051643233,0.757628637,,,0.113,-2.18036746,0.082719997,0.107312441,0.109182775,36,clump
434,44,31.3,3.443618098,3.003,63.69,22,1.176,0.162118849,0.779608193,,,0.118,-2.137070655,0.079932149,0.100340136,0.102528616,36,clump
435,44,30.1,3.404525172,3.163,63.69,22,1.327,0.282920755,1.013444064,,,0.097,-2.3330443,0.075135505,0.073097212,0.074138779,36,clump
436,44,26.9,3.292126287,2.006,63.69,22,0.786,-0.240798487,0.90169335,,,0.071,-2.645075402,0.080865744,0.090330789,0.08968209,36,clump
437,44,29.6,3.387774361,2.899,63.69,22,0.983,-0.017146159,0.797658685,,,0.111,-2.198225078,0.091064471,0.112919634,0.114164708,36,clump
438,44,31.5,3.449987546,3.71,63.69,22,1.472,0.38662202,0.953593275,,,0.105,-2.253794929,0.06958901,0.071331522,0.072975567,36,clump
439,44,29.2,3.374168709,2.846,63.69,22,0.999,-0.0010005,0.851567622,,,0.135,-2.002480501,0.116045191,0.135135135,0.136272432,36,clump
440,44,26.3,3.269568939,2.254,63.69,22,0.882,-0.125563223,1.097914068,,,0.083,-2.488914671,0.102137784,0.094104308,0.093028942,36,clump
441,44,26.6,3.280911216,2.274,63.69,22,0.899,-0.106472245,1.074058018,,,0.077,-2.563949857,0.091138792,0.085650723,0.084854627,36,clump
442,44,26.9,3.292126287,2.728,63.69,22,1.074,0.071389996,1.232084807,,,0.088,-2.430418465,0.100227964,0.081936685,0.081348267,36,clump
443,44,26.6,3.280911216,2.955,63.69,22,1.025,0.024692613,1.224593402,,,0.097,-2.3330443,0.114811206,0.094634146,0.093754552,36,clump
444,44,30,3.401197382,3.005,63.69,22,1.03,0.029558802,0.796155422,,,0.09,-2.407945609,0.070513645,0.087378641,0.088567688,36,clump
445,44,26.9,3.292126287,3.486,63.69,22,1.184,0.168898536,1.358275988,,,0.117,-2.145581344,0.133257634,0.098817568,0.098107922,36,clump
446,44,25.7,3.246490992,2.172,63.69,22,0.859,-0.151986357,1.162451472,,,0.086,-2.453407983,0.114547179,0.100116414,0.098539321,36,clump
447,44,24.7,3.206803244,2.074,63.69,22,0.818,-0.200892942,1.277997215,,,0.072,-2.63108916,0.109885023,0.08801956,0.085982209,36,clump
380,42,23.6,3.161246712,1.914,57.0659,27,0.697,-0.360969868,1.284194784,,,0.085,-2.465104022,0.151665679,0.12195122,0.118101771,37,clump
381,42,31.1,3.437207819,4.033,76.835,27,1.482,0.393392527,1.005530318,,,0.13,-2.040220829,0.090018501,0.087719298,0.089523408,37,clump
382,42,28.2,3.339321978,2.796,76.835,27,1.204,0.185649347,1.164298369,,,0.109,-2.216407397,0.105591416,0.090531561,0.090691028,37,clump
383,42,32.7,3.487375078,3.142,76.835,27,1.137,0.128393215,0.643334993,,,0.09,-2.407945609,0.052468697,0.079155673,0.081557349,37,clump
384,42,25.4,3.234749174,2.84,76.835,27,1.103,0.09803374,1.55746047,,,0.094,-2.364460497,0.130348118,0.085222121,0.083692729,37,clump
385,42,29.7,3.391147046,3.425,76.835,27,1.366,0.311886761,1.094994473,,,0.124,-2.087473713,0.10055962,0.090775988,0.091835733,37,clump
386,42,28.3,3.342861805,2.848,76.835,27,1.102,0.097126711,1.052093342,,,0.108,-2.225624052,0.103360081,0.09800363,0.09824231,37,clump
387,42,29.6,3.387774361,3.307,76.835,27,1.339,0.291923067,1.086536093,,,0.105,-2.253794929,0.086142067,0.078416729,0.079281367,37,clump
388,42,25.2,3.226843995,2.09,76.835,27,0.905,-0.099820335,1.314977119,,,0.084,-2.47693848,0.119682868,0.09281768,0.091015172,37,clump
389,42,31.4,3.446807893,4.356,76.835,27,1.678,0.517602608,1.099629051,,,0.172,-1.760260802,0.115243466,0.10250298,0.104802129,37,clump
390,42,27.2,3.303216973,2.507,76.835,27,1.036,0.035367144,1.141720758,,,0.091,-2.396895772,0.09977612,0.087837838,0.087391001,37,clump
391,42,29.7,3.391147046,3.63,76.835,27,1.526,0.422649933,1.223251513,,,0.132,-2.024953356,0.107047337,0.086500655,0.087510488,37,clump
392,42,28.5,3.349904087,2.663,76.835,27,1.123,0.116003676,1.045155565,,,0.122,-2.103734234,0.113972092,0.108637578,0.109047969,37,clump
393,42,32.6,3.484312288,3.953,76.835,27,1.609,0.475612868,0.920551111,,,0.126,-2.071473372,0.074231927,0.078309509,0.080638572,37,clump
394,42,29.3,3.377587516,3.118,76.835,27,1.319,0.276873874,1.11051284,,,0.112,-2.189256408,0.095152158,0.084912813,0.085683078,37,clump
395,42,29.2,3.374168709,2.974,76.835,27,1.265,0.235072122,1.078311353,,,0.093,-2.375155786,0.079942242,0.073517787,0.074136512,37,clump
396,42,28.4,3.346389145,2.66,76.835,27,1.153,0.142367241,1.086817169,,,0.095,-2.353878387,0.089825213,0.082393755,0.082649792,37,clump
397,42,28.2,3.339321978,2.837,76.835,27,1.131,0.123102197,1.093705528,,,0.09,-2.407945609,0.087185573,0.079575597,0.079715765,37,clump
398,42,24.4,3.194583132,2.221,76.835,27,0.873,-0.135819723,1.425616282,,,0.082,-2.501036032,0.130503845,0.093928981,0.091542055,37,clump
399,42,28.5,3.349904087,2.88,76.835,27,1.356,0.30453919,1.262004405,,,0.113,-2.18036746,0.105564314,0.083333333,0.083648135,37,clump
400,42,25.5,3.238678452,2.633,76.835,27,0.983,-0.017146159,1.368414411,,,0.097,-2.3330443,0.132707502,0.098677518,0.09697903,37,clump
401,42,30,3.401197382,2.686,76.835,27,1.058,0.056380333,0.817798482,,,0.117,-2.145581344,0.091667738,0.110586011,0.112090864,37,clump
402,42,26.6,3.280911216,2.387,76.835,27,1.059,0.057325067,1.265214061,,,0.085,-2.465104022,0.100607758,0.0802644,0.079518368,37,clump
403,42,25.5,3.238678452,2.606,76.835,27,1.002,0.001998003,1.394863926,,,0.106,-2.244316185,0.145020569,0.105788423,0.103967538,37,clump
404,42,23.6,3.161246712,1.948,76.835,27,0.819,-0.199671195,1.508974933,,,0.067,-2.70306266,0.119548241,0.081807082,0.079224802,37,clump
405,42,22.3,3.104586678,1.845,76.835,27,0.75,-0.287682072,1.696435037,,,0.072,-2.63108916,0.156028299,0.096,0.091974226,37,clump
406,42,26.3,3.269568939,2.536,76.835,27,0.951,-0.050241216,1.183805305,,,0.062,-2.780620894,0.076295694,0.065194532,0.064449529,37,clump
495,48,28,3.33220451,3.498,74.118,25,1.232,0.208638865,1.222469996,,,0.127,-2.063568193,0.126068978,0.103084416,0.103126439,37,clump
496,48,14.5,2.674148649,0.503,66.513,25,0.199,-1.614450454,2.138161389,,,0.03,-3.506557897,0.284567675,0.150753769,0.133089895,37,clump
497,48,28.9,3.363841595,2.946,66.513,25,1.111,0.105260511,0.983113008,,,0.108,-2.225624052,0.09618353,0.097209721,0.097835681,37,clump
498,48,29.9,3.39785848,3.216,66.513,25,1.227,0.204572166,0.95996287,,,0.093,-2.375155786,0.073703367,0.075794621,0.076777311,37,clump
499,48,28,3.33220451,2.943,66.513,25,1.15,0.139761942,1.141104298,,,0.082,-2.501036032,0.081398868,0.071304348,0.071333416,37,clump
500,48,26.4,3.27336401,2.663,66.513,25,0.99,-0.010050336,1.215538038,,,0.098,-2.3227878,0.119036778,0.098989899,0.097929291,37,clump
501,48,26.1,3.261935314,2.988,66.513,25,1.093,0.088926209,1.398688808,,,0.14,-1.966112856,0.176851054,0.128087832,0.126440602,37,clump
502,48,26.4,3.27336401,2.595,66.513,25,1.139,0.130150684,1.398482652,,,0.094,-2.364460497,0.114178134,0.082528534,0.081644298,37,clump
503,48,30.6,3.421000009,3.271,66.513,25,1.134,0.125751205,0.815907763,,,0.136,-1.995100393,0.09955681,0.119929453,0.122019688,37,clump
504,48,28,3.33220451,2.543,66.513,25,0.928,-0.074723546,0.920821556,,,0.103,-2.273026291,0.102244919,0.110991379,0.111036626,37,clump
505,48,25.9,3.254242969,2.098,66.513,25,0.836,-0.179126666,1.100020315,,,0.107,-2.234926445,0.138778486,0.127990431,0.12615993,37,clump
506,48,24.2,3.186352633,2.35,66.513,25,0.94,-0.061875404,1.581451229,,,0.085,-2.465104022,0.139151784,0.090425532,0.087989931,37,clump
507,48,26.2,3.265759411,1.976,66.513,25,0.689,-0.372514008,0.869577155,,,0.08,-2.525728644,0.099740862,0.116110305,0.114700416,37,clump
508,48,30.4,3.414442608,3.639,66.513,25,1.359,0.306749135,1.001282575,,,0.138,-1.980501594,0.103318776,0.101545254,0.103186432,37,clump
509,48,23,3.135494216,2.168,66.513,25,0.9,-0.105360516,1.820234399,,,0.094,-2.364460497,0.183213695,0.104444444,0.100653902,37,clump
510,48,26.3,3.269568939,2.869,66.513,25,1.044,0.043059489,1.299571754,,,0.106,-2.244316185,0.130441026,0.101532567,0.100372315,37,clump
511,48,29.5,3.384390263,3.276,66.513,25,1.468,0.38390093,1.205896215,,,0.113,-2.18036746,0.093787614,0.076975477,0.0777742,37,clump
512,48,25.4,3.234749174,2.681,66.513,25,1.073,0.070458464,1.515099805,,,0.093,-2.375155786,0.128961435,0.08667288,0.085117452,37,clump
513,48,25.9,3.254242969,2.465,66.513,25,1.008,0.00796817,1.326340285,,,0.089,-2.419118909,0.115432572,0.088293651,0.087030888,37,clump
514,48,23.5,3.157000421,2.475,66.513,25,0.996,-0.004008021,1.863516539,,,0.106,-2.244316185,0.191910906,0.106425703,0.102983205,37,clump
515,48,26.7,3.284663565,2.23,66.513,25,0.945,-0.056570351,1.113783082,,,0.062,-2.780620894,0.072446035,0.065608466,0.065045013,37,clump
516,48,23,3.135494216,1.926,66.513,25,1.245,0.21913553,2.517990919,,,0.057,-2.864704011,0.111097666,0.045783133,0.044121552,37,clump
517,48,26.9,3.292126287,3.482,66.513,25,1.418,0.349247428,1.626719047,,,0.131,-2.032557956,0.149202992,0.092383639,0.091720198,37,clump
518,48,29,3.36729583,2.967,66.513,25,1.245,0.21913553,1.087998192,,,0.097,-2.3330443,0.085369583,0.077911647,0.078464821,37,clump
519,48,28.1,3.335769576,2.745,66.513,25,0.987,-0.01308524,0.96680714,,,0.11,-2.207274913,0.107866495,0.111448835,0.111569816,37,clump
520,49,33.8,3.520460802,4.66,68.858,24,2.243,0.807814256,1.125875563,,,0.154,-1.870802677,0.080148057,0.068658047,0.071187314,42,clump
521,49,29.2,3.374168709,3.513,72.306,24,1.432,0.359072069,1.2206655,,,0.11,-2.207274913,0.09455534,0.076815642,0.077462122,42,clump
522,49,16.4,2.797281335,0.665,72.306,24,0.24,-1.427116356,1.651262378,,,0.041,-3.194183212,0.254932976,0.170833333,0.154386716,42,clump
523,49,31.5,3.449987546,3.973,72.306,24,1.31,0.270027137,0.848646189,,,0.119,-2.128631786,0.078867545,0.090839695,0.092933363,42,clump
524,49,29.4,3.380994674,3.445,72.306,24,1.336,0.289680075,1.111037446,,,0.146,-1.924148657,0.1225965,0.109281437,0.110344165,42,clump
525,49,26.7,3.284663565,3.011,72.306,24,1.236,0.211880359,1.456757555,,,0.123,-2.095570924,0.143723585,0.099514563,0.098659921,42,clump
526,49,25.4,3.234749174,2.721,72.306,24,1.051,0.049742092,1.484035317,,,0.1,-2.302585093,0.13866821,0.095147479,0.093439966,42,clump
527,49,30.8,3.42751469,4.441,72.306,24,2.038,0.711968935,1.432155451,,,0.119,-2.128631786,0.085187243,0.058390579,0.059481841,42,clump
528,49,26.6,3.280911216,2.595,72.306,24,1.025,0.024692613,1.224593402,,,0.075,-2.590267165,0.088771551,0.073170732,0.072490633,42,clump
529,49,14.3,2.660259537,0.442,72.306,24,0.168,-1.7837913,1.898158179,,,0.022,-3.816712826,0.218865158,0.130952381,0.115303962,42,clump
530,49,25.4,3.234749174,2.528,72.306,24,1.017,0.016857117,1.436026562,,,0.104,-2.26336438,0.144214939,0.102261554,0.100426373,42,clump
531,49,28,3.33220451,3.087,72.306,24,1.197,0.179818427,1.187740735,,,0.128,-2.055725015,0.127061647,0.106934002,0.106977595,42,clump
532,49,31.4,3.446807893,4.059,72.306,24,1.642,0.495915011,1.076037486,,,0.145,-1.931021537,0.097152922,0.088306943,0.090287674,42,clump
533,49,26.9,3.292126287,3.084,72.306,24,1.184,0.168898536,1.358275988,,,0.145,-1.931021537,0.16514835,0.122466216,0.121586741,42,clump
534,49,25,3.218875825,2.773,72.306,24,0.995,-0.005012542,1.488057879,,,0.114,-2.171556831,0.166927227,0.114572864,0.112177913,42,clump
535,49,27.8,3.325036021,2.992,72.306,24,1.09,0.086177696,1.110002383,,,0.134,-2.009915479,0.13632883,0.12293578,0.122818502,42,clump
536,49,28.9,3.363841595,3.698,72.306,24,1.599,0.469378434,1.414939424,,,0.116,-2.154165088,0.103308236,0.072545341,0.07301248,42,clump
537,49,27.4,3.310543013,3.492,72.306,24,1.257,0.22872793,1.349018218,,,0.103,-2.273026291,0.110130942,0.08194113,0.081637846,42,clump
538,49,21.4,3.063390922,1.02,72.306,24,0.375,-0.980829253,0.984629816,,,0.06,-2.813410717,0.149757495,0.16,0.152095226,42,clump
539,49,29.7,3.391147046,3.469,72.306,24,1.257,0.22872793,1.007619365,,,0.117,-2.145581344,0.094882867,0.093078759,0.094165386,42,clump
540,49,28.7,3.356897123,2.898,72.306,24,1.155,0.144100344,1.04806711,,,0.098,-2.3227878,0.089381518,0.084848485,0.085282247,42,clump
541,49,31.6,3.453157121,5.164,72.306,24,2.315,0.839409688,1.48259773,,,0.142,-1.951928221,0.093093254,0.061339093,0.062790635,42,clump
542,49,28.5,3.349904087,3.137,72.306,24,1.173,0.15956457,1.091689651,,,0.099,-2.312635429,0.09248555,0.084398977,0.084717804,42,clump
543,49,23.6,3.161246712,1.439,72.306,24,0.592,-0.524248644,1.09073646,,,0.053,-2.937463365,0.094568012,0.089527027,0.086701064,42,clump
84,11,32.25,3.473518043,3.83,139.718,36,1.284,0.249980205,0.7638833,,,0.123,-2.095570924,0.07519773,0.244,0.098441386,46,clump
85,11,25.83,3.251536607,2.607,105.424,36,0.941,-0.060812139,1.250370871,,,0.107,-2.234926445,0.14007274,0.11370882,0.112024954,46,clump
86,11,26.97,3.294725137,2.332,105.424,36,1.085,0.081579987,1.233048861,,,0.118,-2.137070655,0.133203893,0.10875576,0.108028074,46,clump
87,11,26.33,3.270708974,2.544,105.424,36,0.89,-0.116533816,1.103309788,,,0.107,-2.234926445,0.131157729,0.120224719,0.118876612,46,clump
88,11,28.01,3.332561589,2.622,105.424,36,0.854,-0.157824085,0.846299319,,,0.093,-2.375155786,0.092205227,0.108899297,0.108951083,46,clump
89,11,28.98,3.366605937,3.789,105.424,36,1.368,0.313349819,1.198476526,,,0.132,-2.024953356,0.11644827,0.096491228,0.09716358,46,clump
90,11,30.89,3.430432507,4.227,105.424,36,1.472,0.38662202,1.023544093,,,0.137,-1.987774353,0.097096081,0.248,0.094862626,46,clump
91,11,28.05,3.333988632,3.295,105.424,36,1.244,0.218331994,1.22643061,,,0.11,-2.207274913,0.108527429,0.088424437,0.088490476,46,clump
92,11,28.83,3.361416512,3.401,105.424,36,1.346,0.297137231,1.201564334,,,0.119,-2.128631786,0.106865223,0.088410104,0.088938411,46,clump
93,11,25.78,3.249598998,2.267,105.424,36,0.888,-0.118783536,1.188251565,,,0.088,-2.430418465,0.115968179,0.099099099,0.097595646,46,clump
94,11,26.72,3.285412349,3.399,105.424,36,1.272,0.240590465,1.495129199,,,0.099,-2.312635429,0.115383236,0.077830189,0.077172753,46,clump
95,11,28.14,3.337192052,2.656,105.424,36,1.169,0.156148682,1.139202341,,,0.12,-2.120263536,0.117099803,0.102651839,0.102791049,46,clump
96,11,26.73,3.28578653,2.879,105.424,36,1.153,0.142367241,1.35342019,,,0.104,-2.26336438,0.121055205,0.09019948,0.089443919,46,clump
97,11,27.92,3.329343278,3.066,105.424,36,1.201,0.183154543,1.204117265,,,0.116,-2.154165088,0.116285262,0.096586178,0.096573038,46,clump
98,11,25.87,3.253083996,2.693,105.424,36,1.016,0.015873349,1.342487376,,,0.123,-2.095570924,0.160165849,0.121062992,0.119305292,46,clump
99,11,31.44,3.448080968,4.315,105.424,36,1.67,0.512823626,1.089354572,,,0.137,-1.987774353,0.091392808,0.262,0.083896291,46,clump
100,11,30.31,3.411477691,3.699,105.424,36,1.179,0.164666622,0.878035934,,,0.107,-2.234926445,0.080928329,0.238,0.092169723,46,clump
101,11,30.05,3.402862661,3.848,105.424,36,0.983,-0.017146159,0.755259311,,,0.11,-2.207274913,0.085692476,0.239,0.113460999,46,clump
102,11,27.64,3.319263999,2.469,105.424,36,1.008,0.00796817,1.048171644,,,0.109,-2.216407397,0.113111714,0.108134921,0.107913351,46,clump
103,11,32.1,3.46885603,4.098,105.424,36,1.741,0.554459661,1.053392273,,,0.135,-2.002480501,0.083864481,0.254,0.079613724,46,clump
104,11,28.56,3.352007137,3.01,105.424,36,0.993,-0.007024615,0.917157935,,,0.113,-2.18036746,0.10480557,0.113796576,0.114272108,46,clump
105,11,24.05,3.180134997,1.525,105.424,36,0.635,-0.45413028,1.092639024,,,0.062,-2.780620894,0.103686812,0.097637795,0.094895761,46,clump
106,11,26.94,3.293612171,2.254,105.424,36,0.879,-0.128970381,1.002972831,,,0.088,-2.430418465,0.099718444,0.100113766,0.099422876,46,clump
107,11,24.39,3.194173212,2.594,105.424,36,0.961,-0.03978087,1.571651477,,,0.107,-2.234926445,0.170531205,0.111342352,0.108504466,46,clump
108,11,26.73,3.28578653,2.611,105.424,36,0.93,-0.072570693,1.091657222,,,0.079,-2.538307427,0.091955396,0.084946237,0.08423468,46,clump
109,11,26.7,3.284663565,2.599,105.424,36,0.988,-0.012072581,1.164463159,,,0.089,-2.419118909,0.103995115,0.090080972,0.089307346,46,clump
110,11,26.89,3.29175447,2.296,105.424,36,1.481,0.392717535,1.701280519,,,0.133,-2.017406151,0.151674212,0.089804186,0.089152971,46,clump
111,11,32.41,3.478467017,2.721,105.424,36,1.37,0.31481074,0.800575047,,,0.14,-1.966112856,0.084150271,0.261,0.105112283,46,clump
112,11,30.57,3.420019136,3.972,105.424,36,1.32,0.277631737,0.953112175,,,0.111,-2.198225078,0.081529763,0.221,0.085540575,46,clump
113,11,27.4,3.310543013,2.381,105.424,36,0.82,-0.198450939,0.880027795,,,0.096,-2.343407088,0.102646314,0.117073171,0.116639855,46,clump
114,11,30.32,3.411807561,3.497,105.424,36,1.437,0.362557607,1.068898948,,,0.15,-1.897119985,0.113322637,0.259,0.106018101,46,clump
115,11,22.96,3.133753571,1.741,105.424,36,0.626,-0.468404908,1.274077038,,,0.077,-2.563949857,0.150978019,0.123003195,0.118499914,46,clump
116,11,29.36,3.379633204,3.506,105.424,36,1.352,0.301584978,1.129898314,,,0.126,-2.071473372,0.106297695,0.093195266,0.094077222,46,clump
117,11,26.18,3.26499576,2.091,105.424,36,0.95,-0.051293294,1.202300631,,,0.088,-2.430418465,0.110002703,0.092631579,0.091493509,46,clump
118,11,28.92,3.364533397,3.632,105.424,36,1.306,0.266969031,1.152776054,,,0.169,-1.777856564,0.150152695,0.129402757,0.130253135,46,clump
120,11,15.53,2.742773637,0.454,105.424,36,0.175,-1.742969305,1.466685348,,,0.027,-3.611918413,0.202396142,0.154285714,0.137995612,46,clump
121,11,15.93,2.768204124,0.504,105.424,36,0.192,-1.650259907,1.467640524,,,0.028,-3.575550769,0.192359872,0.145833333,0.13106743,46,clump
221,30,32.5,3.481240089,4.699,105.911,25,1.71,0.536493371,0.989277014,,,0.142,-1.951928221,0.084544425,0.244,0.08546082,47,clump
222,30,27.7,3.321432413,2.871,77.13,25,1.128,0.120446153,1.163782735,,,0.131,-2.032557956,0.134934264,0.116134752,0.115944549,47,clump
223,30,30.8,3.42751469,3.138,77.13,25,1.005,0.004987542,0.706239563,,,0.105,-2.253794929,0.075165214,0.238,0.106430195,47,clump
224,30,32.8,3.490428515,3.755,77.13,25,1.266,0.235862324,0.708451242,,,0.128,-2.055725015,0.073844685,0.285,0.10423397,47,clump
225,30,27.1,3.299533728,2.781,77.13,25,1.117,0.11064652,1.247509652,,,0.086,-2.453407983,0.095492737,0.076991943,0.076546692,47,clump
226,30,28.8,3.360375387,3.385,77.13,25,1.247,0.220740667,1.117391137,,,0.147,-1.917322692,0.132482239,0.117882919,0.118563889,47,clump
227,30,27.1,3.299533728,3.116,77.13,25,1.184,0.168898536,1.322337895,,,0.112,-2.189256408,0.124362634,0.094594595,0.094047546,47,clump
228,30,28.2,3.339321978,3.25,77.13,25,1.193,0.176471143,1.153661092,,,0.094,-2.364460497,0.091060487,0.078792959,0.078931749,47,clump
229,30,29.6,3.387774361,3.767,77.13,25,1.464,0.381172416,1.187967767,,,0.152,-1.883874758,0.124700897,0.103825137,0.104969933,47,clump
230,30,29.5,3.384390263,2.998,77.13,25,1.144,0.134530893,0.939744735,,,0.134,-2.009915479,0.11121717,0.117132867,0.118348277,47,clump
231,30,26,3.258096538,2.556,77.13,25,1.01,0.009950331,1.310561569,,,0.086,-2.453407983,0.11007696,0.085148515,0.083992208,47,clump
232,30,28.9,3.363841595,3.06,77.13,25,1.182,0.167207919,1.045940212,,,0.154,-1.870802677,0.137150589,0.130287648,0.131126605,47,clump
233,30,25,3.218875825,2.21,77.13,25,0.747,-0.291690094,1.117165061,,,0.104,-2.26336438,0.152284488,0.139223561,0.136313329,47,clump
234,30,26.6,3.280911216,2.48,77.13,25,0.965,-0.035627178,1.152909886,,,0.115,-2.162823151,0.136116378,0.119170984,0.118063328,47,clump
235,30,26.5,3.277144733,2.114,77.13,25,0.721,-0.327116142,0.873222215,,,0.102,-2.282782466,0.122299134,0.14147018,0.140054996,47,clump
236,30,24.7,3.206803244,1.597,77.13,25,0.814,-0.205794913,1.27174784,,,0.089,-2.419118909,0.135830098,0.109336609,0.106805842,47,clump
237,30,30.7,3.424262655,3.797,77.13,25,1.365,0.311154429,0.97057993,,,0.135,-2.002480501,0.097725004,0.259,0.10068723,47,clump
238,30,29.1,3.370738174,3.791,77.13,25,1.434,0.360467742,1.23764504,,,0.107,-2.234926445,0.093065215,0.074616457,0.075195401,47,clump
239,30,21.3,3.058707073,1.569,77.13,25,0.807,-0.214431611,2.155157156,,,0.063,-2.764620553,0.159792013,0.078066914,0.074144019,47,clump
240,30,25.3,3.230804396,2.49,77.13,25,0.974,-0.026343975,1.395090061,,,0.081,-2.513306124,0.113851351,0.083162218,0.081608603,47,clump
240,30,25.3,3.230804396,2.49,77.13,25,0.974,-0.026343975,1.395090061,,,0.081,-2.513306124,0.113851351,0.083162218,0.081608603,47,clump
241,30,28.4,3.346389145,3.064,77.13,25,1.138,0.129272336,1.072678178,,,0.102,-2.282782466,0.096443913,0.089630931,0.089909458,47,clump
242,30,29.7,3.391147046,4.462,77.13,25,1.604,0.472500509,1.285776819,,,0.179,-1.720369473,0.145162677,0.11159601,0.112898813,47,clump
243,30,28.8,3.360375387,3.074,77.13,25,1.356,0.30453919,1.215062054,,,0.108,-2.225624052,0.09733389,0.079646018,0.080106106,47,clump
244,30,23.6,3.161246712,2.079,77.13,25,0.843,-0.170788321,1.553193979,,,0.087,-2.44184716,0.155234283,0.103202847,0.0999452,47,clump
245,30,26.6,3.280911216,2.537,77.13,25,1.126,0.11867153,1.345260654,,,0.107,-2.234926445,0.126647413,0.095026643,0.094143401,47,clump
341,41,26.2,3.265759411,2.623,102.13,39,0.995,-0.005012542,1.255775427,,,0.102,-2.282782466,0.127169599,0.102512563,0.101267787,47,clump
342,41,24.4,3.194583132,2.314,117.853,39,0.952,-0.049190244,1.554623941,,,0.085,-2.465104022,0.135278376,0.089285714,0.087016784,47,clump
343,41,27.7,3.321432413,2.321,117.853,39,0.925,-0.077961541,0.954343112,,,0.09,-2.407945609,0.09270293,0.097297297,0.097137946,47,clump
344,41,26.8,3.288401888,2.62,117.853,39,1.031,0.030529205,1.198809802,,,0.079,-2.538307427,0.091134183,0.076624636,0.076020552,47,clump
345,41,30.2,3.407841924,3.759,117.853,39,1.385,0.32570014,1.045115321,,,0.15,-1.897119985,0.114874598,0.108303249,0.109915715,47,clump
346,41,25,3.218875825,2.33,117.853,39,0.861,-0.149660775,1.287656115,,,0.088,-2.430418465,0.128856105,0.102206736,0.100070278,47,clump
347,41,27.1,3.299533728,2.84,117.853,39,1.128,0.120446153,1.259794886,,,0.087,-2.44184716,0.096603118,0.07712766,0.076681624,47,clump
348,41,32,3.465735903,4.612,117.853,39,1.462,0.379805361,0.89463117,,,0.17,-1.771956842,0.106743405,0.11627907,0.119315545,47,clump
349,41,27.4,3.310543013,2.519,117.853,39,0.861,-0.149660775,0.924029185,,,0.089,-2.419118909,0.095161687,0.103368177,0.102985586,47,clump
350,41,25.2,3.226843995,3.257,117.853,39,1.106,0.100749903,1.607032811,,,0.076,-2.577021939,0.1082845,0.068716094,0.067381636,47,clump
351,41,28.7,3.356897123,3.283,117.853,39,1.138,0.129272336,1.032641014,,,0.158,-1.845160246,0.144104897,0.13884007,0.139549848,47,clump
352,41,30.5,3.417726684,2.821,117.853,39,1.095,0.090754363,0.797238522,,,0.102,-2.282782466,0.075510663,0.093150685,0.094715271,47,clump
353,41,24.8,3.210843653,2.405,117.853,39,1.052,0.050693114,1.619721062,,,0.075,-2.590267165,0.112888202,0.071292776,0.069696076,47,clump
354,41,28.3,3.342861805,3.379,117.853,39,1.092,0.088010877,1.042546216,,,0.12,-2.120263536,0.114844534,0.10989011,0.110157739,47,clump
355,41,29.9,3.39785848,4.242,117.853,39,1.98,0.683096845,1.549084338,,,0.11,-2.207274913,0.087176026,0.055555556,0.056275842,47,clump
356,41,32,3.465735903,3.849,117.853,39,1.417,0.348541961,0.867094643,,,0.146,-1.924148657,0.091673748,0.10303458,0.105725193,47,clump
357,41,31.6,3.453157121,4.019,117.853,39,1.517,0.4167347,0.971533804,,,0.138,-1.980501594,0.090470908,0.090969018,0.09312173,47,clump
358,41,24.3,3.19047635,1.781,117.853,39,0.77,-0.261364764,1.276249512,,,0.086,-2.453407983,0.138811514,0.111688312,0.108765185,47,clump
359,41,30.2,3.407841924,3.02,117.853,39,1.229,0.206200831,0.927398361,,,0.124,-2.087473713,0.094963001,0.100895037,0.102397206,47,clump
360,41,26.3,3.269568939,2.464,117.853,39,1.117,0.11064652,1.390442193,,,0.108,-2.225624052,0.132902177,0.096687556,0.09558267,47,clump
361,41,29.6,3.387774361,4.047,117.853,39,1.607,0.474369087,1.304005602,,,0.174,-1.74869998,0.142749711,0.108276291,0.109470167,47,clump
362,41,29,3.36729583,2.628,117.853,39,1.403,0.338612801,1.226073464,,,0.09,-2.407945609,0.079208891,0.064148254,0.064603707,47,clump
363,41,29.6,3.387774361,3.705,117.853,39,1.431,0.358373501,1.161189805,,,0.112,-2.189256408,0.091884871,0.078266946,0.079129933,47,clump
364,41,27.6,3.317815773,3.645,117.853,39,1.455,0.375005901,1.52093863,,,0.102,-2.282782466,0.106374756,0.070103093,0.069940203,47,clump
365,41,25,3.218875825,2.139,117.853,39,0.762,-0.271808723,1.139598094,,,0.066,-2.718100537,0.096642079,0.086614173,0.084803651,47,clump
366,41,29.1,3.370738174,2.985,117.853,39,1.43,0.357674444,1.234192752,,,0.126,-2.071473372,0.109590814,0.088111888,0.088795541,47,clump
367,41,30.4,3.414442608,3.078,117.853,39,0.988,-0.012072581,0.72793759,,,0.136,-1.995100393,0.101821402,0.137651822,0.139876555,47,clump
368,41,28.6,3.353406718,2.989,117.853,39,1.045,0.044016885,0.960308615,,,0.126,-2.071473372,0.116303185,0.120574163,0.121110218,47,clump
369,41,30.6,3.421000009,2.637,117.853,39,1.006,0.005982072,0.723812354,,,0.094,-2.364460497,0.068811325,0.093439364,0.095067906,47,clump
370,41,28,3.33220451,2.79,117.853,39,1.133,0.124868982,1.1242358,,,0.099,-2.312635429,0.098274243,0.087378641,0.087414262,47,clump
371,41,30.2,3.407841924,2.818,117.853,39,1.055,0.053540767,0.796098674,,,0.101,-2.292634762,0.077348896,0.095734597,0.097159935,47,clump
372,41,26.3,3.269568939,2.945,117.853,39,1.114,0.107957142,1.386707792,,,0.107,-2.234926445,0.131671602,0.096050269,0.094952666,47,clump
373,41,29.5,3.384390263,3.738,117.853,39,1.427,0.355574338,1.172216553,,,0.121,-2.111964733,0.100427445,0.084793273,0.085673116,47,clump
374,41,18.7,2.928523524,0.861,117.853,39,0.314,-1.158362293,1.343391533,,,0.048,-3.036554268,0.190274717,0.152866242,0.141637574,47,clump
375,41,29,3.36729583,3.928,117.853,39,1.528,0.423959691,1.33531023,,,0.105,-2.253794929,0.092410373,0.068717277,0.069205171,47,clump
376,41,28,3.33220451,2.917,117.853,39,1.149,0.138891999,1.140112034,,,0.096,-2.343407088,0.095296235,0.083550914,0.083584974,47,clump
377,41,28.8,3.360375387,3.882,117.853,39,1.662,0.508021696,1.489257474,,,0.143,-1.944910649,0.12887728,0.086040915,0.086537944,47,clump
378,41,30.9,3.430756184,3.575,117.853,39,1.167,0.154436353,0.8105144,,,0.147,-1.917322692,0.104067784,0.12596401,0.128397206,47,clump
379,41,25.3,3.230804396,2.088,117.853,39,0.765,-0.267879445,1.095732953,,,0.109,-2.216407397,0.153207374,0.14248366,0.139821818,47,clump
568,51,23.3,3.148453361,2.234,44.319,22,0.837,-0.177931208,1.615238279,0.232,0.146,0.086,-2.453407983,0.160333473,0.102747909,0.099263047,49,clump
569,51,30,3.401197382,3.875,62.323,22,1.407,-2.120263536,0.092755971,0.221,0.101,0.12,0.423305026,1.196381507,0.085287846,12.89816158,49,clump
570,51,30.6,3.421000009,3.463,62.323,22,1.283,0.249201086,0.923112575,0.257,0.123,0.134,-2.009915479,0.09809274,0.104442712,0.10626303,49,clump
571,51,30.6,3.421000009,3.637,62.323,22,1.444,0.36741704,1.038951331,0.248,0.137,0.111,-2.198225078,0.081255926,0.076869806,0.07820956,49,clump
572,51,27.6,3.317815773,3.315,62.323,22,1.102,-2.145581344,0.122302282,0.226,0.109,0.117,0.19803085,1.271282627,0.106170599,10.39459453,49,clump
573,51,27.6,3.317815773,2.92,62.323,22,1.296,-2.189256408,0.117075688,0.244,0.132,0.112,0.335042644,1.457959896,0.087091757,12.45313964,49,clump
574,51,28.5,3.349904087,3.046,62.323,22,1.183,-2.162823151,0.107028397,0.209,0.094,0.115,0.260824618,1.21258832,0.097210482,11.32959432,49,clump
575,51,28.2,3.339321978,2.518,62.323,22,1.144,-2.780620894,0.059955564,0.137,0.075,0.062,0.187309098,1.168286678,0.054195804,19.48587591,49,clump
576,51,21.9,3.086486637,1.426,62.323,22,0.53,0.197210169,2.94156986,0.123,0.076,0.047,-3.057607677,0.108375497,0.038587849,0.036842741,49,clump
577,51,31.2,3.440418095,3.448,62.323,22,1.353,0.200488861,0.819541877,0.215,0.088,0.127,-2.063568193,0.086978121,0.103927987,0.106130173,49,clump
578,51,25.8,3.250374492,2.369,62.323,22,0.901,0.089840704,1.459800677,0.191,0.088,0.103,-2.273026291,0.135374913,0.094149909,0.092735204,49,clump
579,51,28.9,3.363841595,3.4,62.323,22,1.218,-2.137070655,0.104417043,0.205,0.087,0.118,0.289680075,1.189825892,0.096880131,11.39493952,49,clump
580,51,30.9,3.430756184,2.826,62.323,22,1.222,0.200488861,0.84871345,0.192,0.084,0.108,-2.225624052,0.076457964,0.088379705,0.0900869,49,clump
581,51,29.2,3.374168709,3.135,62.323,22,1.094,-2.225624052,0.092061365,0.17,0.062,0.108,0.183986836,1.033231993,0.098720293,11.22329653,49,clump
582,51,30.5,3.417726684,2.77,62.323,22,1.166,0.153579088,0.848931613,0.196,0.113,0.083,-2.488914671,0.061444951,0.071183533,0.072379153,49,clump
583,51,26.9,3.292126287,2.592,62.323,22,1.001,0.0009995,1.14833975,0.219,0.117,0.102,-2.282782466,0.116173322,0.101898102,0.101166334,49,clump
584,51,30.4,3.414442608,2.755,62.323,22,1.146,0.136277618,0.844348662,0.212,0.121,0.091,-2.396895772,0.068130497,0.079406632,0.080690004,49,clump
585,51,28.6,3.353406718,2.792,62.323,22,1.017,-2.3227878,0.09005765,0.226,0.128,0.098,0.108854405,1.029190886,0.096361849,11.42813394,49,clump
586,51,29.5,3.384390263,3.102,62.323,22,1.186,0.170586301,0.974245853,0.232,0.131,0.101,-2.292634762,0.083827867,0.085160202,0.086043853,49,clump
587,51,27.1,3.299533728,2.622,62.323,22,0.973,-2.407945609,0.100515549,0.194,0.104,0.09,0.061095099,1.180334646,0.092497431,11.74280649,49,clump
588,51,31.8,3.45946629,4.078,62.323,22,1.794,0.584447764,1.12298987,0.253,0.124,0.129,-2.128631786,0.076344631,0.066332219,0.067983365,49,clump
